Distance from Lap Line (m),Elevation (m),UTMX,UTMY,LongX,LatY
0.000,205.36,435947.9743,296190.82,18.09601748,50.52927545
1.000,205.371,435948.8065,296190.2656,18.09602932,50.52927056
2.000,205.3856,435949.6383,296189.7104,18.09604115,50.52926566
3.000,205.3789,435950.4695,296189.1545,18.09605298,50.52926075
4.000,205.3691,435951.3007,296188.5985,18.0960648,50.52925584
5.000,205.3507,435952.1319,296188.0425,18.09607663,50.52925093
6.000,205.3915,435952.9631,296187.4865,18.09608845,50.52924602
7.000,205.3549,435953.7943,296186.9305,18.09610028,50.52924111
8.000,205.4,435954.6255,296186.3746,18.0961121,50.5292362
9.000,205.3943,435955.4538,296185.8144,18.09612389,50.52923125
10.000,205.414,435956.2817,296185.2534,18.09613567,50.52922629
11.000,205.4162,435957.1095,296184.6924,18.09614744,50.52922134
12.000,205.4031,435957.9373,296184.1314,18.09615922,50.52921638
13.000,205.4042,435958.7651,296183.5704,18.096171,50.52921143
14.000,205.4234,435959.593,296183.0095,18.09618278,50.52920647
15.000,205.425,435960.4208,296182.4485,18.09619456,50.52920152
16.000,205.4231,435961.2486,296181.8875,18.09620633,50.52919656
17.000,205.4344,435962.071,296181.3186,18.09621804,50.52919154
18.000,205.42,435962.8889,296180.7433,18.09622968,50.52918645
19.000,205.4407,435963.7069,296180.168,18.09624132,50.52918137
20.000,205.4376,435964.5248,296179.5927,18.09625296,50.52917628
21.000,205.4486,435965.3428,296179.0174,18.0962646,50.52917119
22.000,205.4485,435966.1607,296178.4421,18.09627624,50.52916611
23.000,205.4557,435966.9786,296177.8668,18.09628788,50.52916102
24.000,205.45,435967.7966,296177.2915,18.09629952,50.52915594
25.000,205.454,435968.6145,296176.7162,18.09631116,50.52915085
26.000,205.4639,435969.4325,296176.1409,18.09632281,50.52914577
27.000,205.4768,435970.2504,296175.5656,18.09633445,50.52914068
28.000,205.4749,435971.0684,296174.9903,18.09634609,50.5291356
29.000,205.4781,435971.8863,296174.415,18.09635773,50.52913051
30.000,205.4796,435972.7042,296173.8397,18.09636937,50.52912543
31.000,205.4846,435973.5222,296173.2644,18.09638101,50.52912034
32.000,205.4935,435974.3401,296172.6891,18.09639265,50.52911526
33.000,205.4987,435975.1581,296172.1138,18.09640429,50.52911017
34.000,205.504,435975.976,296171.5385,18.09641594,50.52910509
35.000,205.5075,435976.7939,296170.9632,18.09642758,50.5291
36.000,205.4954,435977.6119,296170.3879,18.09643922,50.52909492
37.000,205.5192,435978.4298,296169.8126,18.09645086,50.52908983
38.000,205.5091,435979.2478,296169.2373,18.0964625,50.52908475
39.000,205.5152,435980.0657,296168.662,18.09647414,50.52907966
40.000,205.5127,435980.8837,296168.0867,18.09648578,50.52907458
41.000,205.5228,435981.7016,296167.5114,18.09649742,50.52906949
42.000,205.51,435982.5195,296166.9361,18.09650906,50.52906441
43.000,205.5103,435983.3388,296166.3627,18.09652072,50.52905934
44.000,205.5143,435984.1643,296165.7983,18.09653247,50.52905435
45.000,205.53,435984.9898,296165.2338,18.09654421,50.52904937
46.000,205.53,435985.8152,296164.6694,18.09655596,50.52904438
47.000,205.5092,435986.6407,296164.1049,18.09656771,50.52903939
48.000,205.5365,435987.4662,296163.5405,18.09657945,50.52903441
49.000,205.5369,435988.2916,296162.976,18.0965912,50.52902942
50.000,205.5417,435989.1171,296162.4116,18.09660294,50.52902443
51.000,205.5388,435989.9426,296161.8471,18.09661469,50.52901945
52.000,205.5344,435990.768,296161.2827,18.09662643,50.52901446
53.000,205.5683,435991.5935,296160.7182,18.09663818,50.52900947
54.000,205.55,435992.419,296160.1538,18.09664992,50.52900449
55.000,205.5533,435993.2444,296159.5893,18.09666167,50.5289995
56.000,205.6192,435994.0699,296159.0249,18.09667341,50.52899451
57.000,205.5558,435994.8954,296158.4604,18.09668516,50.52898952
58.000,205.559,435995.7208,296157.896,18.0966969,50.52898454
59.000,205.5589,435996.5463,296157.3315,18.09670865,50.52897955
60.000,205.57,435997.3718,296156.7671,18.0967204,50.52897456
61.000,205.5658,435998.1972,296156.2026,18.09673214,50.52896958
62.000,205.56,435999.0227,296155.6382,18.09674389,50.52896459
63.000,205.5744,435999.8482,296155.0737,18.09675563,50.5289596
64.000,205.5669,436000.6736,296154.5093,18.09676738,50.52895462
65.000,205.5809,436001.4991,296153.9448,18.09677912,50.52894963
66.000,205.5759,436002.3246,296153.3804,18.09679087,50.52894464
67.000,205.5879,436003.15,296152.8159,18.09680261,50.52893966
68.000,205.5905,436003.9755,296152.2515,18.09681436,50.52893467
69.000,205.58,436004.801,296151.687,18.0968261,50.52892968
70.000,205.5835,436005.6264,296151.1226,18.09683785,50.5289247
71.000,205.5855,436006.4519,296150.5581,18.09684959,50.52891971
72.000,205.5788,436007.2774,296149.9937,18.09686134,50.52891472
73.000,205.5892,436008.1028,296149.4292,18.09687308,50.52890974
74.000,205.6,436008.9283,296148.8647,18.09688483,50.52890475
75.000,205.5964,436009.7538,296148.3003,18.09689658,50.52889976
76.000,205.5931,436010.5792,296147.7358,18.09690832,50.52889478
77.000,205.6095,436011.4047,296147.1714,18.09692007,50.52888979
78.000,205.6098,436012.2302,296146.6069,18.09693181,50.5288848
79.000,205.61,436013.0556,296146.0425,18.09694356,50.52887982
80.000,205.623,436013.8336,296145.4168,18.09695464,50.52887427
81.000,205.5924,436014.586,296144.7581,18.09696537,50.52886843
82.000,205.6214,436015.3354,296144.0959,18.09697606,50.52886256
83.000,205.6126,436016.0833,296143.4322,18.09698673,50.52885667
84.000,205.6192,436016.8309,296142.768,18.09699739,50.52885078
85.000,205.63,436017.5782,296142.1035,18.09700805,50.52884488
86.000,205.6189,436018.3271,296141.4408,18.09701873,50.528839
87.000,205.6315,436019.0764,296140.7786,18.09702942,50.52883313
88.000,205.6346,436019.823,296140.1133,18.09704007,50.52882722
89.000,205.65,436020.5687,296139.4471,18.09705071,50.52882131
90.000,205.6539,436021.3105,296138.7764,18.09706129,50.52881536
91.000,205.6591,436022.0513,296138.1047,18.09707186,50.5288094
92.000,205.6566,436022.7904,296137.4311,18.0970824,50.52880342
93.000,205.6329,436023.5291,296136.7571,18.09709294,50.52879744
94.000,205.6554,436024.2661,296136.0811,18.09710346,50.52879144
95.000,205.6754,436025.0028,296135.4049,18.09711397,50.52878544
96.000,205.6791,436025.731,296134.7197,18.09712437,50.52877936
97.000,205.6897,436026.4587,296134.0337,18.09713475,50.52877327
98.000,205.6661,436027.1863,296133.3477,18.09714514,50.52876717
99.000,205.6573,436027.9138,296132.6617,18.09715552,50.52876108
100.000,205.6937,436028.6411,296131.9753,18.0971659,50.52875499
101.000,205.68,436029.3678,296131.2884,18.09717627,50.52874889
102.000,205.6991,436030.087,296130.5935,18.09718654,50.52874272
103.000,205.6875,436030.8053,296129.8978,18.0971968,50.52873654
104.000,205.645,436031.5174,296129.1958,18.09720697,50.5287303
105.000,205.7198,436032.2284,296128.4925,18.09721712,50.52872406
106.000,205.6709,436032.9332,296127.7832,18.09722719,50.52871775
107.000,205.7003,436033.6361,296127.0718,18.09723723,50.52871143
108.000,205.7173,436034.3314,296126.3531,18.09724716,50.52870504
109.000,205.7103,436035.0239,296125.6318,18.09725706,50.52869863
110.000,205.7118,436035.709,296124.9033,18.09726685,50.52869215
111.000,205.7186,436036.391,296124.172,18.0972766,50.52868565
112.000,205.7206,436037.0661,296123.4343,18.09728625,50.52867909
113.000,205.7398,436037.7375,296122.6932,18.09729586,50.52867249
114.000,205.7463,436038.4028,296121.9466,18.09730537,50.52866585
115.000,205.7354,436039.0594,296121.1925,18.09731477,50.52865914
116.000,205.7625,436039.7051,296120.4289,18.09732401,50.52865234
117.000,205.7643,436040.3397,296119.6562,18.0973331,50.52864546
118.000,205.77,436040.9637,296118.8748,18.09734204,50.5286385
119.000,205.7634,436041.5764,296118.0846,18.09735082,50.52863146
120.000,205.7758,436042.1812,296117.2881,18.09735949,50.52862436
121.000,205.7614,436042.768,296116.4786,18.09736791,50.52861715
122.000,205.7657,436043.3459,296115.6625,18.0973762,50.52860987
123.000,205.7861,436043.8986,296114.8293,18.09738415,50.52860243
124.000,205.8115,436044.4431,296113.9905,18.09739197,50.52859495
125.000,205.8,436044.9592,296113.1341,18.0973994,50.5285873
126.000,205.8082,436045.4695,296112.2741,18.09740675,50.52857962
127.000,205.8037,436045.9596,296111.4025,18.09741382,50.52857184
128.000,205.8,436046.4477,296110.5297,18.09742085,50.52856404
129.000,205.7922,436046.9046,296109.6402,18.09742746,50.52855609
130.000,205.78,436047.3587,296108.7493,18.09743402,50.52854812
131.000,205.7977,436047.7803,296107.8425,18.09744012,50.52854001
132.000,205.809,436048.1954,296106.9329,18.09744613,50.52853188
133.000,205.7971,436048.5783,296106.0091,18.0974517,50.52852361
134.000,205.8027,436048.9543,296105.0825,18.09745716,50.52851532
135.000,205.8386,436049.3108,296104.1483,18.09746235,50.52850695
136.000,205.82,436049.6552,296103.2096,18.09746737,50.52849855
137.000,205.8429,436049.9753,296102.2622,18.09747205,50.52849006
138.000,205.8471,436050.2785,296101.3095,18.09747649,50.52848152
139.000,205.86,436050.5598,296100.3499,18.09748063,50.52847292
140.000,205.8629,436050.8238,296099.3855,18.09748452,50.52846428
141.000,205.8536,436051.0727,296098.417,18.0974882,50.52845559
142.000,205.8846,436051.2921,296097.4416,18.09749146,50.52844684
143.000,205.8786,436051.4932,296096.4621,18.09749447,50.52843806
144.000,205.871,436051.6611,296095.4765,18.09749701,50.52842921
145.000,205.89,436051.8162,296094.4886,18.09749936,50.52842034
146.000,205.9218,436051.9416,296093.4966,18.0975013,50.52841143
147.000,205.9166,436052.061,296092.5037,18.09750316,50.52840251
148.000,205.9029,436052.1443,296091.5072,18.0975045,50.52839356
149.000,205.9503,436052.2233,296090.5104,18.09750579,50.5283846
150.000,205.95,436052.2571,296089.511,18.09750644,50.52837561
151.000,205.96,436052.2841,296088.5115,18.09750699,50.52836663
152.000,205.97,436052.2738,296087.5115,18.09750702,50.52835763
153.000,205.9884,436052.2526,296086.5119,18.09750689,50.52834864
154.000,205.9867,436052.2006,296085.5133,18.09750633,50.52833965
155.000,205.9993,436052.132,296084.5159,18.09750553,50.52833067
156.000,206.0161,436052.0363,296083.5205,18.09750435,50.52832171
157.000,206.0162,436051.9209,296082.5273,18.09750289,50.52831276
158.000,206.0244,436051.7851,296081.5366,18.09750115,50.52830383
159.000,206.0304,436051.6262,296080.5495,18.09749907,50.52829494
160.000,206.0443,436051.4519,296079.5648,18.09749678,50.52828606
161.000,206.066,436051.2432,296078.5871,18.09749401,50.52827725
162.000,206.0672,436051.0202,296077.6123,18.09749103,50.52826845
163.000,206.0784,436050.7619,296076.6463,18.09748755,50.52825974
164.000,206.0824,436050.4956,296075.6825,18.09748396,50.52825104
165.000,206.0809,436050.189,296074.7307,18.09747979,50.52824244
166.000,206.0893,436049.8778,296073.7804,18.09747556,50.52823386
167.000,206.0952,436049.522,296072.8458,18.0974707,50.52822542
168.000,206.11,436049.1613,296071.9133,18.09746577,50.52821699
169.000,206.1388,436048.7664,296070.9945,18.09746036,50.52820868
170.000,206.14,436048.3624,296070.0799,18.09745482,50.52820041
171.000,206.1587,436047.9277,296069.1794,18.09744884,50.52819226
172.000,206.1622,436047.4786,296068.2862,18.09744265,50.52818418
173.000,206.17,436047.0006,296067.4079,18.09743606,50.52817623
174.000,206.1522,436046.5037,296066.5404,18.09742919,50.52816837
175.000,206.1454,436045.9819,296065.6873,18.09742198,50.52816064
176.000,206.19,436045.4401,296064.8471,18.09741448,50.52815302
177.000,206.1829,436044.8805,296064.0183,18.09740672,50.52814551
178.000,206.2165,436044.2939,296063.2088,18.09739858,50.52813816
179.000,206.2193,436043.6914,296062.4107,18.09739022,50.52813092
180.000,206.22,436043.0458,296061.6479,18.09738124,50.52812398
181.000,206.2206,436042.3833,296060.8988,18.09737202,50.52811717
182.000,206.2467,436041.679,296060.1894,18.0973622,50.52811072
183.000,206.2383,436040.9654,296059.4889,18.09735225,50.52810434
184.000,206.2438,436040.2085,296058.8357,18.09734168,50.52809838
185.000,206.263,436039.447,296058.1875,18.09733105,50.52809246
186.000,206.2855,436038.6299,296057.611,18.09731962,50.52808719
187.000,206.2805,436037.8072,296057.0433,18.09730811,50.52808199
188.000,206.2831,436036.9445,296056.5376,18.09729602,50.52807735
189.000,206.28,436036.0731,296056.0481,18.09728381,50.52807285
190.000,206.3055,436035.1728,296055.6128,18.09727118,50.52806884
191.000,206.3,436034.2592,296055.2091,18.09725836,50.52806511
192.000,206.3183,436033.3197,296054.8663,18.09724516,50.52806192
193.000,206.3276,436032.3672,296054.5657,18.09723177,50.52805911
194.000,206.3335,436031.3988,296054.3165,18.09721815,50.52805676
195.000,206.32,436030.4188,296054.1237,18.09720435,50.52805492
196.000,206.34,436029.4302,296053.9733,18.09719043,50.52805346
197.000,206.3759,436028.4353,296053.8798,18.0971764,50.52805251
198.000,206.3853,436027.4376,296053.8112,18.09716234,50.52805179
199.000,206.3897,436026.4382,296053.8072,18.09714823,50.52805164
200.000,206.3998,436025.4383,296053.82,18.09713412,50.52805165
201.000,206.4254,436024.4418,296053.8998,18.09712005,50.52805226
202.000,206.4183,436023.4457,296053.9888,18.09710598,50.52805295
203.000,206.4233,436022.4608,296054.1614,18.09709205,50.52805439
204.000,206.3958,436021.4767,296054.3382,18.09707813,50.52805587
205.000,206.4,436020.5065,296054.5805,18.0970644,50.52805795
206.000,206.4212,436019.5382,296054.8296,18.09705069,50.52806008
207.000,206.3916,436018.5895,296055.1458,18.09703725,50.52806282
208.000,206.4068,436017.6425,296055.4667,18.09702383,50.52806561
209.000,206.4114,436016.7069,296055.8196,18.09701057,50.52806868
210.000,206.3862,436015.7737,296056.1787,18.09699734,50.52807181
211.000,206.3666,436014.8563,296056.5766,18.09698433,50.52807528
212.000,206.3643,436013.9408,296056.9788,18.09697134,50.5280788
213.000,206.3663,436013.0382,296057.4092,18.09695853,50.52808257
214.000,206.3447,436012.1368,296057.8421,18.09694573,50.52808637
215.000,206.3677,436011.244,296058.2926,18.09693306,50.52809032
216.000,206.3551,436010.3518,296058.7442,18.09692039,50.52809429
217.000,206.3813,436009.4648,296059.2059,18.0969078,50.52809834
218.000,206.3407,436008.5779,296059.668,18.0968952,50.5281024
219.000,206.334,436007.6933,296060.1343,18.09688264,50.5281065
220.000,206.35,436006.8086,296060.6005,18.09687007,50.5281106
221.000,206.3687,436005.9231,296061.0652,18.0968575,50.52811468
222.000,206.3366,436005.0377,296061.5299,18.09684493,50.52811876
223.000,206.3441,436004.1525,296061.9951,18.09683235,50.52812285
224.000,206.3399,436003.2672,296062.4602,18.09681978,50.52812694
225.000,206.3384,436002.3777,296062.9171,18.09680715,50.52813095
226.000,206.3302,436001.4881,296063.3739,18.09679452,50.52813496
227.000,206.3182,436000.5969,296063.8275,18.09678187,50.52813894
228.000,206.32,435999.7057,296064.281,18.09676921,50.52814293
229.000,206.3159,435998.8143,296064.7344,18.09675656,50.52814691
230.000,206.3222,435997.923,296065.1877,18.0967439,50.52815089
231.000,206.2832,435997.0296,296065.637,18.09673122,50.52815483
232.000,206.3096,435996.1362,296066.0863,18.09671853,50.52815877
233.000,206.2941,435995.2412,296066.5322,18.09670583,50.52816269
234.000,206.3018,435994.346,296066.978,18.09669312,50.5281666
235.000,206.318,435993.4445,296067.4107,18.09668032,50.52817039
236.000,206.3148,435992.5429,296067.8433,18.09666753,50.52817418
237.000,206.3163,435991.6407,296068.2745,18.09665472,50.52817796
238.000,206.3198,435990.7383,296068.7055,18.09664191,50.52818174
239.000,206.3166,435989.8331,296069.1305,18.09662907,50.52818546
240.000,206.3135,435988.9276,296069.5549,18.09661622,50.52818918
241.000,206.3289,435988.0187,296069.9718,18.09660332,50.52819283
242.000,206.3188,435987.1092,296070.3876,18.09659041,50.52819647
243.000,206.296,435986.1951,296070.793,18.09657745,50.52820002
244.000,206.3115,435985.2803,296071.1969,18.09656447,50.52820355
245.000,206.3147,435984.3603,296071.5888,18.09655142,50.52820698
246.000,206.2902,435983.4401,296071.9802,18.09653837,50.5282104
247.000,206.32,435982.5184,296072.3682,18.09652529,50.52821379
248.000,206.2813,435981.5963,296072.7552,18.09651221,50.52821717
249.000,206.3101,435980.6721,296073.1369,18.09649911,50.5282205
250.000,206.31,435979.747,296073.5168,18.09648599,50.52822381
251.000,206.3064,435978.8188,296073.8888,18.09647283,50.52822706
252.000,206.2995,435977.89,296074.2593,18.09645966,50.52823029
253.000,206.2841,435976.9588,296074.624,18.09644645,50.52823347
254.000,206.2716,435976.0272,296074.9874,18.09643325,50.52823663
255.000,206.2872,435975.094,296075.3468,18.09642001,50.52823977
256.000,206.3095,435974.1603,296075.7049,18.09640678,50.52824288
257.000,206.2871,435973.2252,296076.0592,18.09639352,50.52824597
258.000,206.2901,435972.2886,296076.4096,18.09638025,50.52824902
259.000,206.2883,435971.3485,296076.7504,18.09636692,50.52825198
260.000,206.289,435970.4081,296077.0905,18.09635359,50.52825494
261.000,206.2861,435969.4672,296077.4291,18.09634026,50.52825788
262.000,206.2897,435968.5254,296077.7654,18.09632691,50.5282608
263.000,206.2828,435967.5823,296078.0979,18.09631354,50.52826369
264.000,206.2994,435966.6375,296078.4255,18.09630016,50.52826653
265.000,206.2803,435965.6902,296078.7457,18.09628673,50.52826931
266.000,206.2752,435964.7416,296079.062,18.09627329,50.52827205
267.000,206.2892,435963.7912,296079.3733,18.09625983,50.52827475
268.000,206.2903,435962.8394,296079.6799,18.09624634,50.5282774
269.000,206.2632,435961.8858,296079.981,18.09623284,50.52828
270.000,206.2645,435960.9305,296080.2765,18.09621931,50.52828256
271.000,206.2728,435959.9733,296080.566,18.09620575,50.52828505
272.000,206.2463,435959.0141,296080.8486,18.09619216,50.52828749
273.000,206.268,435958.053,296081.1248,18.09617856,50.52828987
274.000,206.2564,435957.0909,296081.3974,18.09616493,50.52829222
275.000,206.2648,435956.1279,296081.6671,18.0961513,50.52829454
276.000,206.247,435955.1634,296081.9309,18.09613764,50.52829681
277.000,206.2702,435954.1977,296082.1905,18.09612397,50.52829903
278.000,206.26,435953.23,296082.4426,18.09611027,50.5283012
279.000,206.2467,435952.2611,296082.69,18.09609656,50.52830332
280.000,206.2413,435951.2918,296082.9359,18.09608284,50.52830542
281.000,206.2422,435950.3223,296083.181,18.09606911,50.52830752
282.000,206.2394,435949.351,296083.4188,18.09605537,50.52830955
283.000,206.2396,435948.3789,296083.6535,18.09604161,50.52831156
284.000,206.2569,435947.4052,296083.8812,18.09602783,50.5283135
285.000,206.2339,435946.4308,296084.1062,18.09601404,50.52831541
286.000,206.2426,435945.4558,296084.3282,18.09600024,50.5283173
287.000,206.2347,435944.4805,296084.5493,18.09598644,50.52831919
288.000,206.2249,435943.5036,296084.7627,18.09597262,50.528321
289.000,206.23,435942.5262,296084.9744,18.09595879,50.5283228
290.000,206.2428,435941.5472,296085.1782,18.09594494,50.52832452
291.000,206.2205,435940.5679,296085.3806,18.09593109,50.52832624
292.000,206.226,435939.5876,296085.5783,18.09591722,50.52832791
293.000,206.2328,435938.6073,296085.7754,18.09590336,50.52832957
294.000,206.2259,435937.6257,296085.9663,18.09588947,50.52833118
295.000,206.2304,435936.644,296086.1567,18.09587559,50.52833279
296.000,206.2111,435935.6599,296086.3344,18.09586167,50.52833428
297.000,206.2192,435934.6757,296086.5117,18.09584775,50.52833576
298.000,206.23,435933.6912,296086.6871,18.09583383,50.52833723
299.000,206.2305,435932.7066,296086.8617,18.0958199,50.5283387
300.000,206.2223,435931.7195,296087.0222,18.09580595,50.52834003
301.000,206.2,435930.7324,296087.1818,18.09579199,50.52834136
302.000,206.2149,435929.7441,296087.3343,18.09577802,50.52834262
303.000,206.1956,435928.7557,296087.4862,18.09576404,50.52834388
304.000,206.2263,435927.7668,296087.6346,18.09575006,50.52834511
305.000,206.1987,435926.7775,296087.7809,18.09573608,50.52834631
306.000,206.2127,435925.787,296087.9183,18.09572208,50.52834744
307.000,206.21,435924.7961,296088.0527,18.09570807,50.52834854
308.000,206.1842,435923.8039,296088.1776,18.09569405,50.52834956
309.000,206.1986,435922.8116,296088.3017,18.09568003,50.52835056
310.000,206.2049,435921.8191,296088.4234,18.095666,50.52835155
311.000,206.2081,435920.8262,296088.5423,18.09565197,50.52835251
312.000,206.1975,435919.8326,296088.6553,18.09563793,50.52835342
313.000,206.2,435918.8386,296088.7651,18.09562388,50.5283543
314.000,206.1996,435917.8441,296088.8694,18.09560983,50.52835513
315.000,206.1967,435916.8493,296088.9716,18.09559578,50.52835594
316.000,206.1928,435915.8542,296089.0706,18.09558172,50.52835672
317.000,206.1584,435914.8591,296089.169,18.09556766,50.52835749
318.000,206.1728,435913.8639,296089.2668,18.0955536,50.52835826
319.000,206.19,435912.8688,296089.366,18.09553954,50.52835905
320.000,206.1635,435911.8739,296089.4667,18.09552548,50.52835984
321.000,206.166,435910.8788,296089.5652,18.09551142,50.52836062
322.000,206.1816,435909.8835,296089.6618,18.09549736,50.52836138
323.000,206.15,435908.8881,296089.7579,18.0954833,50.52836214
324.000,206.1859,435907.8927,296089.8537,18.09546924,50.52836289
325.000,206.1638,435906.8971,296089.9475,18.09545517,50.52836362
326.000,206.1585,435905.9014,296090.0403,18.09544111,50.52836435
327.000,206.1693,435904.9058,296090.1337,18.09542704,50.52836508
328.000,206.1566,435903.9102,296090.2274,18.09541298,50.52836581
329.000,206.1634,435902.9146,296090.3209,18.09539891,50.52836655
330.000,206.14,435901.9189,296090.4145,18.09538484,50.52836728
331.000,206.1586,435900.9236,296090.5107,18.09537078,50.52836803
332.000,206.1587,435899.9283,296090.6076,18.09535672,50.5283688
333.000,206.1546,435898.9329,296090.7037,18.09534266,50.52836955
334.000,206.1456,435897.9375,296090.7996,18.0953286,50.52837031
335.000,206.16,435896.9419,296090.8929,18.09531453,50.52837104
336.000,206.1447,435895.9462,296090.9858,18.09530046,50.52837176
337.000,206.1372,435894.9505,296091.078,18.0952864,50.52837248
338.000,206.1479,435893.9547,296091.1701,18.09527233,50.5283732
339.000,206.16,435892.9587,296091.2592,18.09525826,50.52837389
340.000,206.1626,435891.9627,296091.3481,18.09524419,50.52837458
341.000,206.1541,435890.9662,296091.4317,18.09523011,50.52837523
342.000,206.1592,435889.9696,296091.5145,18.09521604,50.52837586
343.000,206.1627,435888.9723,296091.5885,18.09520195,50.52837642
344.000,206.164,435887.975,296091.6617,18.09518787,50.52837697
345.000,206.16,435886.9774,296091.7304,18.09517378,50.52837748
346.000,206.17,435885.9797,296091.7985,18.09515969,50.52837798
347.000,206.167,435884.9818,296091.8637,18.09514559,50.52837846
348.000,206.16,435883.9839,296091.9272,18.0951315,50.52837892
349.000,206.132,435882.9855,296091.9851,18.0951174,50.52837933
350.000,206.1674,435881.9872,296092.0428,18.09510331,50.52837974
351.000,206.1517,435880.9889,296092.1002,18.09508921,50.52838015
352.000,206.16,435879.9904,296092.1556,18.09507511,50.52838053
353.000,206.1637,435878.9917,296092.2071,18.09506101,50.52838089
354.000,206.165,435877.9932,296092.2607,18.09504691,50.52838126
355.000,206.1562,435876.9948,296092.3175,18.09503281,50.52838166
356.000,206.1694,435875.9963,296092.3716,18.09501871,50.52838204
357.000,206.162,435874.9976,296092.4226,18.09500461,50.52838239
358.000,206.1616,435873.9989,296092.4741,18.09499051,50.52838274
359.000,206.1515,435873.0002,296092.5262,18.09497641,50.5283831
360.000,206.1452,435872.0015,296092.5768,18.0949623,50.52838345
361.000,206.1599,435871.0027,296092.6264,18.0949482,50.52838378
362.000,206.1519,435870.004,296092.6759,18.0949341,50.52838412
363.000,206.15,435869.0052,296092.7255,18.09492,50.52838446
364.000,206.1441,435868.0064,296092.7739,18.0949059,50.52838478
365.000,206.1344,435867.0075,296092.8217,18.09489179,50.5283851
366.000,206.14,435866.0087,296092.8702,18.09487769,50.52838543
367.000,206.1245,435865.0099,296092.919,18.09486359,50.52838576
368.000,206.1342,435864.011,296092.9669,18.09484948,50.52838608
369.000,206.128,435863.0122,296093.0145,18.09483538,50.5283864
370.000,206.13,435862.0136,296093.068,18.09482128,50.52838677
371.000,206.1338,435861.0151,296093.1228,18.09480718,50.52838715
372.000,206.1317,435860.0161,296093.1681,18.09479308,50.52838745
373.000,206.1431,435859.0171,296093.212,18.09477897,50.52838774
374.000,206.1179,435858.0179,296093.2522,18.09476486,50.52838799
375.000,206.1266,435857.0187,296093.2922,18.09475076,50.52838824
376.000,206.1044,435856.0195,296093.333,18.09473665,50.5283885
377.000,206.1085,435855.0204,296093.3738,18.09472254,50.52838875
378.000,206.1259,435854.0209,296093.406,18.09470844,50.52838893
379.000,206.1132,435853.0214,296093.4382,18.09469433,50.52838911
380.000,206.11,435852.0219,296093.4688,18.09468022,50.52838928
381.000,206.1092,435851.0224,296093.4994,18.09466611,50.52838944
382.000,206.1053,435850.0229,296093.531,18.094652,50.52838962
383.000,206.12,435849.0233,296093.5617,18.09463789,50.52838979
384.000,206.1064,435848.0237,296093.5874,18.09462378,50.52838991
385.000,206.0789,435847.024,296093.6135,18.09460967,50.52839003
386.000,206.0745,435846.0244,296093.6416,18.09459556,50.52839017
387.000,206.0874,435845.0248,296093.6694,18.09458145,50.52839032
388.000,206.0825,435844.0251,296093.6963,18.09456733,50.52839045
389.000,206.0803,435843.0255,296093.7224,18.09455322,50.52839057
390.000,206.064,435842.0258,296093.7469,18.09453911,50.52839068
391.000,206.0758,435841.0261,296093.7718,18.094525,50.5283908
392.000,206.0729,435840.0264,296093.7973,18.09451089,50.52839092
393.000,206.0728,435839.0267,296093.8215,18.09449678,50.52839103
394.000,206.057,435838.027,296093.8438,18.09448267,50.52839112
395.000,206.0677,435837.0273,296093.8679,18.09446856,50.52839122
396.000,206.0667,435836.0276,296093.8946,18.09445445,50.52839135
397.000,206.05,435835.028,296093.9212,18.09444034,50.52839148
398.000,206.063,435834.0283,296093.9476,18.09442622,50.52839161
399.000,206.0509,435833.0287,296093.9754,18.09441211,50.52839175
400.000,206.0196,435832.0291,296094.0046,18.094398,50.5283919
401.000,206.045,435831.0297,296094.0382,18.0943839,50.5283921
402.000,206.024,435830.0304,296094.0751,18.09436979,50.52839232
403.000,206.04,435829.0311,296094.1125,18.09435568,50.52839255
404.000,206.0466,435828.0318,296094.1501,18.09434157,50.52839277
405.000,206.0529,435827.0327,296094.192,18.09432747,50.52839304
406.000,206.0217,435826.0336,296094.2359,18.09431336,50.52839333
407.000,206.0344,435825.035,296094.2874,18.09429926,50.52839368
408.000,206.0115,435824.0364,296094.3416,18.09428516,50.52839406
409.000,206.0384,435823.038,296094.3975,18.09427106,50.52839445
410.000,206.02,435822.0396,296094.4538,18.09425696,50.52839485
411.000,206.0285,435821.0413,296094.5122,18.09424287,50.52839526
412.000,206.0284,435820.043,296094.571,18.09422877,50.52839568
413.000,206.0129,435819.0454,296094.6397,18.09421468,50.52839619
414.000,206.0025,435818.0478,296094.7097,18.09420059,50.52839671
415.000,206.0019,435817.0505,296094.7817,18.0941865,50.52839725
416.000,205.9886,435816.0531,296094.8539,18.09417242,50.52839779
417.000,206.0175,435815.0582,296094.9551,18.09415836,50.52839859
418.000,205.9977,435814.0636,296095.0584,18.09414431,50.52839941
419.000,205.9808,435813.072,296095.1877,18.09413029,50.52840046
420.000,205.9915,435812.0805,296095.3183,18.09411628,50.52840153
421.000,206.0075,435811.0903,296095.4576,18.09410228,50.52840268
422.000,205.9872,435810.1011,296095.6035,18.0940883,50.52840388
423.000,205.9879,435809.1162,296095.7767,18.09407437,50.52840533
424.000,205.9797,435808.1333,296095.96,18.09406047,50.52840687
425.000,205.9793,435807.1554,296096.1692,18.09404664,50.52840864
426.000,205.9799,435806.1805,296096.3911,18.09403284,50.52841053
427.000,205.9718,435805.2106,296096.6348,18.09401911,50.52841262
428.000,205.9712,435804.2459,296096.8973,18.09400545,50.52841487
429.000,205.9214,435803.2875,296097.1826,18.09399188,50.52841733
430.000,205.9919,435802.3357,296097.4888,18.0939784,50.52841998
431.000,205.9551,435801.3898,296097.8131,18.09396499,50.5284228
432.000,205.93,435800.4553,296098.1682,18.09395174,50.52842589
433.000,205.9519,435799.5275,296098.5412,18.09393859,50.52842914
434.000,205.9352,435798.6132,296098.9457,18.09392562,50.52843268
435.000,205.948,435797.704,296099.3621,18.09391272,50.52843633
436.000,205.9256,435796.8141,296099.8178,18.09390008,50.52844033
437.000,205.9221,435795.9283,296100.2818,18.0938875,50.5284444
438.000,205.91,435795.0762,296100.8049,18.09387539,50.52844901
439.000,205.9022,435794.2277,296101.334,18.09386332,50.52845368
440.000,205.9024,435793.408,296101.9068,18.09385166,50.52845874
441.000,205.9076,435792.5924,296102.4851,18.09384005,50.52846385
442.000,205.8952,435791.8024,296103.0983,18.09382879,50.52846928
443.000,205.9126,435791.0218,296103.7228,18.09381767,50.52847482
444.000,205.9097,435790.2704,296104.3826,18.09380695,50.52848067
445.000,205.8889,435789.5323,296105.0568,18.09379642,50.52848665
446.000,205.8921,435788.8185,296105.7572,18.09378623,50.52849287
447.000,205.9147,435788.1161,296106.4687,18.09377619,50.52849919
448.000,205.9038,435787.4273,296107.1937,18.09376635,50.52850564
449.000,205.9033,435786.7485,296107.9278,18.09375664,50.52851217
450.000,205.8973,435786.0779,296108.6697,18.09374705,50.52851877
451.000,205.8844,435785.4136,296109.4171,18.09373755,50.52852542
452.000,205.8976,435784.7531,296110.168,18.0937281,50.5285321
453.000,205.89,435784.0877,296110.9145,18.09371858,50.52853874
454.000,205.8798,435783.4201,296111.6589,18.09370903,50.52854536
455.000,205.8808,435782.7476,296112.399,18.09369942,50.52855195
456.000,205.88,435782.0732,296113.1375,18.09368977,50.52855852
457.000,205.87,435781.3895,296113.8672,18.09368,50.528565
458.000,205.8654,435780.7028,296114.5941,18.09367018,50.52857147
459.000,205.8484,435779.9845,296115.2894,18.09365993,50.52857764
460.000,205.8356,435779.2572,296115.9757,18.09364955,50.52858374
461.000,205.8323,435778.5083,296116.6382,18.09363887,50.52858961
462.000,205.8373,435777.7533,296117.2939,18.0936281,50.52859543
463.000,205.8107,435776.9806,296117.9285,18.09361709,50.52860105
464.000,205.8042,435776.2026,296118.5568,18.093606,50.52860662
465.000,205.8064,435775.4022,296119.1559,18.0935946,50.52861192
466.000,205.7968,435774.5951,296119.7463,18.09358311,50.52861714
467.000,205.7907,435773.7664,296120.3056,18.09357132,50.52862208
468.000,205.7843,435772.9311,296120.8553,18.09355944,50.52862693
469.000,205.7854,435772.0799,296121.38,18.09354734,50.52863156
470.000,205.77,435771.2235,296121.8963,18.09353516,50.52863611
471.000,205.76,435770.3533,296122.3888,18.0935228,50.52864044
472.000,205.7756,435769.4783,296122.8728,18.09351037,50.5286447
473.000,205.763,435768.5889,296123.3296,18.09349774,50.52864871
474.000,205.749,435767.6943,296123.7764,18.09348504,50.52865263
475.000,205.76,435766.786,296124.1943,18.09347215,50.52865629
476.000,205.7508,435765.8726,296124.6014,18.09345919,50.52865985
477.000,205.7503,435764.9482,296124.9823,18.09344608,50.52866318
478.000,205.732,435764.0194,296125.353,18.09343291,50.52866641
479.000,205.7324,435763.0805,296125.6966,18.0934196,50.5286694
480.000,205.75,435762.1377,296126.0301,18.09340624,50.52867229
481.000,205.7345,435761.1885,296126.3446,18.09339279,50.52867502
482.000,205.7253,435760.237,296126.6522,18.09337931,50.52867768
483.000,205.7448,435759.2806,296126.9439,18.09336576,50.5286802
484.000,205.7211,435758.3224,296127.2303,18.09335219,50.52868267
485.000,205.7324,435757.3572,296127.4912,18.09333853,50.52868491
486.000,205.7227,435756.3898,296127.7446,18.09332483,50.52868708
487.000,205.73,435755.4179,296127.9797,18.09331108,50.52868909
488.000,205.726,435754.4448,296128.2102,18.09329731,50.52869106
489.000,205.7267,435753.469,296128.4285,18.0932835,50.52869291
490.000,205.7074,435752.4925,296128.6442,18.09326968,50.52869475
491.000,205.7113,435751.5106,296128.8334,18.09325579,50.52869634
492.000,205.7335,435750.5278,296129.0178,18.09324189,50.52869789
493.000,205.697,435749.5418,296129.1847,18.09322795,50.52869928
494.000,205.7083,435748.5554,296129.349,18.093214,50.52870065
495.000,205.7,435747.5659,296129.4934,18.09320002,50.52870184
496.000,205.69,435746.5761,296129.6358,18.09318602,50.52870301
497.000,205.7067,435745.5846,296129.7657,18.09317201,50.52870407
498.000,205.6891,435744.593,296129.8948,18.09315799,50.52870513
499.000,205.6858,435743.5996,296130.01,18.09314396,50.52870605
500.000,205.7033,435742.6062,296130.1245,18.09312992,50.52870697
501.000,205.6781,435741.6103,296130.2151,18.09311585,50.52870768
502.000,205.6755,435740.6144,296130.3049,18.09310178,50.52870838
503.000,205.6555,435739.617,296130.3781,18.09308769,50.52870893
504.000,205.6607,435738.6196,296130.4499,18.09307361,50.52870946
505.000,205.6647,435737.6212,296130.5064,18.09305951,50.52870986
506.000,205.654,435736.6227,296130.5606,18.09304541,50.52871024
507.000,205.6537,435735.6233,296130.5955,18.0930313,50.52871044
508.000,205.6539,435734.6239,296130.6282,18.09301719,50.52871063
509.000,205.6505,435733.6241,296130.6471,18.09300308,50.52871069
510.000,205.6584,435732.6242,296130.6627,18.09298897,50.52871072
511.000,205.6411,435731.6242,296130.6628,18.09297486,50.52871061
512.000,205.6274,435730.6242,296130.6617,18.09296075,50.52871049
513.000,205.6295,435729.6242,296130.6568,18.09294664,50.52871033
514.000,205.6354,435728.6243,296130.6472,18.09293253,50.52871014
515.000,205.6364,435727.6246,296130.6242,18.09291842,50.52870982
516.000,205.6478,435726.6249,296130.5993,18.09290432,50.52870949
517.000,205.6193,435725.6253,296130.5696,18.09289022,50.52870911
518.000,205.5869,435724.6259,296130.5372,18.09287612,50.52870871
519.000,205.6147,435723.6266,296130.4992,18.09286203,50.52870826
520.000,205.6205,435722.6274,296130.4592,18.09284794,50.52870779
521.000,205.6101,435721.6283,296130.4158,18.09283385,50.52870729
522.000,205.6405,435720.6294,296130.3692,18.09281976,50.52870676
523.000,205.6228,435719.6307,296130.3182,18.09280567,50.52870619
524.000,205.579,435718.6322,296130.2632,18.09279159,50.52870559
525.000,205.5869,435717.634,296130.2037,18.09277752,50.52870494
526.000,205.5969,435716.6358,296130.1435,18.09276344,50.52870429
527.000,205.586,435715.6377,296130.0826,18.09274937,50.52870363
528.000,205.58,435714.6397,296130.0188,18.0927353,50.52870295
529.000,205.5929,435713.6419,296129.9528,18.09272123,50.52870225
530.000,205.5775,435712.6445,296129.8813,18.09270717,50.52870149
531.000,205.58,435711.6473,296129.8066,18.09269311,50.52870071
532.000,205.5749,435710.6503,296129.7285,18.09267905,50.5286999
533.000,205.5493,435709.6535,296129.6489,18.092665,50.52869907
534.000,205.5913,435708.6566,296129.5698,18.09265095,50.52869825
535.000,205.549,435707.6598,296129.4908,18.09263689,50.52869743
536.000,205.5666,435706.6635,296129.4042,18.09262285,50.52869654
537.000,205.5582,435705.6674,296129.3157,18.09260881,50.52869564
538.000,205.5506,435704.6718,296129.2228,18.09259477,50.52869469
539.000,205.5428,435703.6762,296129.1291,18.09258074,50.52869374
540.000,205.5195,435702.6809,296129.0323,18.09256671,50.52869276
541.000,205.5318,435701.6856,296128.9352,18.09255269,50.52869178
542.000,205.5281,435700.6908,296128.8328,18.09253867,50.52869075
543.000,205.5249,435699.6962,296128.73,18.09252465,50.52868971
544.000,205.5105,435698.7025,296128.6171,18.09251065,50.52868859
545.000,205.5224,435697.7089,296128.5044,18.09249664,50.52868747
546.000,205.5347,435696.715,296128.3945,18.09248264,50.52868637
547.000,205.5265,435695.7212,296128.2835,18.09246863,50.52868526
548.000,205.5241,435694.7281,296128.166,18.09245464,50.52868409
549.000,205.5243,435693.735,296128.0488,18.09244065,50.52868293
550.000,205.5154,435692.7418,296127.9325,18.09242665,50.52868177
551.000,205.5003,435691.7486,296127.8161,18.09241266,50.52868062
552.000,205.5003,435690.7554,296127.6991,18.09239866,50.52867946
553.000,205.49,435689.7623,296127.5819,18.09238467,50.52867829
554.000,205.4865,435688.7693,296127.4642,18.09237067,50.52867713
555.000,205.5085,435687.7761,296127.3475,18.09235668,50.52867597
556.000,205.4899,435686.7827,296127.2325,18.09234268,50.52867482
557.000,205.4781,435685.7898,296127.1137,18.09232869,50.52867365
558.000,205.47,435684.7975,296126.9903,18.09231471,50.52867243
559.000,205.4702,435683.8046,296126.871,18.09230072,50.52867124
560.000,205.4604,435682.8113,296126.7557,18.09228672,50.5286701
561.000,205.4633,435681.8181,296126.6393,18.09227273,50.52866894
562.000,205.4681,435680.825,296126.5219,18.09225873,50.52866778
563.000,205.4613,435679.8313,296126.4098,18.09224473,50.52866666
564.000,205.45,435678.8372,296126.3011,18.09223072,50.52866557
565.000,205.4422,435677.844,296126.1853,18.09221673,50.52866442
566.000,205.4416,435676.8511,296126.0659,18.09220274,50.52866324
567.000,205.4423,435675.8575,296125.9532,18.09218873,50.52866211
568.000,205.4507,435674.8636,296125.8429,18.09217473,50.52866101
569.000,205.44,435673.8695,296125.7344,18.09216072,50.52865993
570.000,205.4444,435672.8754,296125.6263,18.09214671,50.52865885
571.000,205.4299,435671.8811,296125.5198,18.0921327,50.52865778
572.000,205.4166,435670.8867,296125.4135,18.09211868,50.52865671
573.000,205.454,435669.8922,296125.3095,18.09210467,50.52865567
574.000,205.4168,435668.8976,296125.2057,18.09209065,50.52865462
575.000,205.412,435667.903,296125.1015,18.09207663,50.52865358
576.000,205.4389,435666.9085,296124.9972,18.09206262,50.52865253
577.000,205.3802,435665.9136,296124.8956,18.0920486,50.52865151
578.000,205.3578,435664.9188,296124.7942,18.09203458,50.52865049
579.000,205.3932,435663.9236,296124.6965,18.09202055,50.5286495
580.000,205.3858,435662.9283,296124.5992,18.09200652,50.52864851
581.000,205.3817,435661.9326,296124.5069,18.09199249,50.52864757
582.000,205.3795,435660.9369,296124.414,18.09197845,50.52864663
583.000,205.3574,435659.9416,296124.3177,18.09196442,50.52864565
584.000,205.3561,435658.9461,296124.2227,18.09195039,50.52864469
585.000,205.3538,435657.9501,296124.1331,18.09193635,50.52864377
586.000,205.3393,435656.9542,296124.0427,18.09192232,50.52864285
587.000,205.35,435655.9585,296123.9498,18.09190828,50.5286419
588.000,205.3325,435654.9628,296123.8579,18.09189425,50.52864097
589.000,205.3413,435653.9668,296123.7686,18.09188021,50.52864005
590.000,205.3293,435652.9708,296123.6787,18.09186617,50.52863914
591.000,205.338,435651.975,296123.5874,18.09185213,50.52863821
592.000,205.3262,435650.979,296123.4983,18.09183809,50.52863729
593.000,205.3335,435649.9826,296123.4131,18.09182405,50.52863642
594.000,205.3353,435648.9863,296123.3268,18.09181,50.52863553
595.000,205.322,435647.9902,296123.2389,18.09179596,50.52863463
596.000,205.32,435646.9939,296123.1525,18.09178192,50.52863375
597.000,205.3169,435645.9976,296123.0676,18.09176787,50.52863287
598.000,205.334,435645.0011,296122.9833,18.09175383,50.528632
599.000,205.315,435644.0046,296122.8997,18.09173978,50.52863114
600.000,205.3209,435643.0079,296122.8188,18.09172573,50.52863031
601.000,205.3037,435642.011,296122.7399,18.09171168,50.52862949
602.000,205.3242,435641.0139,296122.6634,18.09169762,50.52862869
603.000,205.3195,435640.0168,296122.5884,18.09168356,50.5286279
604.000,205.31,435639.0195,296122.5139,18.0916695,50.52862712
605.000,205.2923,435638.0223,296122.4396,18.09165544,50.52862635
606.000,205.3116,435637.025,296122.3661,18.09164138,50.52862557
607.000,205.3029,435636.0277,296122.293,18.09162732,50.52862481
608.000,205.2961,435635.0301,296122.2241,18.09161326,50.52862408
609.000,205.3197,435634.0324,296122.1563,18.09159919,50.52862336
610.000,205.3316,435633.0344,296122.0929,18.09158512,50.52862268
611.000,205.2914,435632.0363,296122.0302,18.09157104,50.528622
612.000,205.3102,435631.0381,296121.9717,18.09155697,50.52862137
613.000,205.3025,435630.0398,296121.9134,18.09154289,50.52862073
614.000,205.3053,435629.0412,296121.8594,18.09152881,50.52862014
615.000,205.2853,435628.0426,296121.806,18.09151473,50.52861955
616.000,205.29,435627.0436,296121.7613,18.09150064,50.52861904
617.000,205.2873,435626.0446,296121.7168,18.09148655,50.52861853
618.000,205.2797,435625.0456,296121.6736,18.09147246,50.52861803
619.000,205.2823,435624.0464,296121.632,18.09145837,50.52861754
620.000,205.2832,435623.047,296121.5991,18.09144427,50.52861714
621.000,205.2528,435622.0475,296121.5669,18.09143017,50.52861674
622.000,205.2508,435621.048,296121.5366,18.09141607,50.52861635
623.000,205.28,435620.0483,296121.5093,18.09140197,50.528616
624.000,205.2758,435619.0485,296121.4902,18.09138786,50.52861572
625.000,205.2767,435618.0487,296121.476,18.09137376,50.52861548
626.000,205.2439,435617.0487,296121.4717,18.09135965,50.52861533
627.000,205.266,435616.0487,296121.4717,18.09134554,50.52861522
628.000,205.2677,435615.0487,296121.4783,18.09133142,50.52861517
629.000,205.2763,435614.0488,296121.4926,18.09131731,50.52861519
630.000,205.2462,435613.0491,296121.5159,18.0913032,50.52861529
631.000,205.2582,435612.0496,296121.5459,18.09128909,50.52861545
632.000,205.25,435611.0502,296121.5821,18.09127498,50.52861566
633.000,205.2381,435610.0513,296121.6276,18.09126088,50.52861596
634.000,205.2381,435609.0527,296121.6798,18.09124678,50.52861632
635.000,205.2261,435608.0546,296121.7416,18.09123268,50.52861677
636.000,205.2196,435607.0569,296121.8087,18.09121859,50.52861726
637.000,205.235,435606.0598,296121.8856,18.09120451,50.52861784
638.000,205.2342,435605.0631,296121.9665,18.09119043,50.52861846
639.000,205.2364,435604.0675,296122.0603,18.09117637,50.52861919
640.000,205.2208,435603.0723,296122.158,18.09116231,50.52861996
641.000,205.2195,435602.0798,296122.2794,18.09114828,50.52862095
642.000,205.2089,435601.0878,296122.4059,18.09113426,50.52862198
643.000,205.1767,435600.0974,296122.544,18.09112026,50.52862311
644.000,205.1746,435599.1072,296122.6837,18.09110626,50.52862426
645.000,205.1955,435598.1196,296122.8405,18.0910923,50.52862556
646.000,205.1767,435597.1322,296122.9985,18.09107834,50.52862687
647.000,205.1551,435596.1487,296123.1796,18.09106443,50.52862839
648.000,205.1451,435595.1654,296123.3616,18.09105052,50.52862992
649.000,205.1258,435594.1851,296123.5591,18.09103665,50.52863159
650.000,205.1251,435593.2052,296123.7586,18.09102279,50.52863327
651.000,205.1259,435592.2293,296123.9768,18.09100898,50.52863513
652.000,205.1312,435591.2542,296124.1984,18.09099519,50.52863702
653.000,205.12,435590.2834,296124.4383,18.09098144,50.52863907
654.000,205.1144,435589.314,296124.6836,18.09096772,50.52864117
655.000,205.1031,435588.3503,296124.9505,18.09095408,50.52864346
656.000,205.0966,435587.3883,296125.2233,18.09094046,50.52864581
657.000,205.0949,435586.4311,296125.5128,18.0909269,50.52864831
658.000,205.086,435585.4774,296125.813,18.09091339,50.5286509
659.000,205.0677,435584.5312,296126.1367,18.09089998,50.52865371
660.000,205.0658,435583.5891,296126.4717,18.09088663,50.52865662
661.000,205.071,435582.6539,296126.8257,18.09087337,50.5286597
662.000,205.0571,435581.7227,296127.19,18.09086017,50.52866287
663.000,204.9937,435580.7967,296127.5676,18.09084704,50.52866617
664.000,205.0358,435579.8765,296127.9588,18.09083398,50.52866959
665.000,204.9902,435578.9621,296128.3634,18.09082101,50.52867312
666.000,205.0231,435578.0543,296128.7827,18.09080813,50.5286768
667.000,205.0042,435577.1519,296129.2136,18.09079532,50.52868057
668.000,205.0023,435576.2567,296129.6591,18.09078261,50.52868448
669.000,204.9793,435575.366,296130.1136,18.09076996,50.52868847
670.000,204.9781,435574.4853,296130.587,18.09075745,50.52869263
671.000,204.9635,435573.6094,296131.0696,18.09074501,50.52869688
672.000,204.93,435572.7432,296131.5691,18.0907327,50.52870127
673.000,204.94,435571.8806,296132.075,18.09072044,50.52870573
674.000,204.9547,435571.0303,296132.6012,18.09070835,50.52871037
675.000,204.9258,435570.1834,296133.1329,18.09069631,50.52871506
676.000,204.904,435569.3487,296133.6836,18.09068443,50.52871992
677.000,204.8718,435568.5164,296134.2378,18.09067259,50.52872481
678.000,204.8948,435567.6989,296134.8137,18.09066096,50.5287299
679.000,204.8672,435566.8831,296135.392,18.09064935,50.52873501
680.000,204.8473,435566.0859,296135.9958,18.09063799,50.52874036
681.000,204.8725,435565.2898,296136.6008,18.09062665,50.52874571
682.000,204.8425,435564.5082,296137.2247,18.09061552,50.52875124
683.000,204.8233,435563.7281,296137.8503,18.0906044,50.52875678
684.000,204.7982,435562.9671,296138.4991,18.09059355,50.52876253
685.000,204.8037,435562.2094,296139.1515,18.09058274,50.52876831
686.000,204.8139,435561.4764,296139.8317,18.09057228,50.52877435
687.000,204.78,435560.7481,296140.5168,18.09056189,50.52878043
688.000,204.7868,435560.0426,296141.2255,18.09055181,50.52878673
689.000,204.7704,435559.3428,296141.9397,18.09054181,50.52879308
690.000,204.7472,435558.6612,296142.6715,18.09053207,50.52879959
691.000,204.7364,435557.9854,296143.4084,18.0905224,50.52880614
692.000,204.7229,435557.3222,296144.1569,18.09051291,50.5288128
693.000,204.731,435556.6743,296144.9182,18.09050364,50.52881958
694.000,204.7072,435556.0514,296145.7005,18.09049471,50.52882654
695.000,204.7089,435555.4425,296146.4935,18.09048598,50.52883361
696.000,204.677,435554.8504,296147.2994,18.09047749,50.52884079
697.000,204.6658,435554.2841,296148.1231,18.09046936,50.52884814
698.000,204.6552,435553.7395,296148.9618,18.09046153,50.52885562
699.000,204.6219,435553.2233,296149.8178,18.09045409,50.52886327
700.000,204.638,435552.724,296150.6843,18.0904469,50.528871
701.000,204.6176,435552.2494,296151.5643,18.09044005,50.52887887
702.000,204.6171,435551.7846,296152.4497,18.09043334,50.52888678
703.000,204.635,435551.3581,296153.354,18.09042716,50.52889487
704.000,204.602,435550.9408,296154.2627,18.09042112,50.52890299
705.000,204.6419,435550.5648,296155.1892,18.09041565,50.52891129
706.000,204.5868,435550.1938,296156.1178,18.09041025,50.5289196
707.000,204.5665,435549.8659,296157.0625,18.09040546,50.52892806
708.000,204.5472,435549.5421,296158.0086,18.09040073,50.52893653
709.000,204.56,435549.2577,296158.9673,18.09039655,50.52894513
710.000,204.5704,435548.9816,296159.9282,18.09039249,50.52895374
711.000,204.5349,435548.7441,296160.8996,18.09038897,50.52896245
712.000,204.5549,435548.5185,296161.8736,18.09038562,50.52897119
713.000,204.5247,435548.3245,296162.8547,18.09038271,50.52897999
714.000,204.4924,435548.1452,296163.8383,18.09038001,50.52898882
715.000,204.517,435547.9914,296164.8263,18.09037767,50.52899769
716.000,204.5175,435547.8582,296165.8172,18.09037562,50.52900659
717.000,204.4446,435547.7493,296166.8112,18.09037391,50.52901551
718.000,204.4574,435547.6614,296167.8072,18.0903725,50.52902446
719.000,204.4755,435547.5907,296168.8047,18.09037133,50.52903343
720.000,204.4689,435547.5509,296169.8036,18.09037059,50.52904241
721.000,204.4481,435547.5285,296170.8034,18.0903701,50.5290514
722.000,204.4394,435547.5349,296171.8032,18.09037002,50.52906039
723.000,204.4511,435547.5517,296172.8031,18.09037009,50.52906939
724.000,204.4299,435547.6021,296173.8017,18.09037062,50.52907838
725.000,204.4459,435547.6596,296174.8,18.09037126,50.52908736
726.000,204.3822,435547.7591,296175.795,18.09037249,50.52909632
727.000,204.3762,435547.8624,296176.7896,18.09037378,50.52910528
728.000,204.3785,435548.0024,296177.7798,18.09037558,50.5291142
729.000,204.3748,435548.1467,296178.7692,18.09037745,50.52912312
730.000,204.3706,435548.3303,296179.7522,18.09037987,50.52913198
731.000,204.37,435548.519,296180.7342,18.09038236,50.52914083
732.000,204.3499,435548.7308,296181.7115,18.09038518,50.52914965
733.000,204.3443,435548.9537,296182.6862,18.09038816,50.52915844
734.000,204.3552,435549.206,296183.6538,18.09039155,50.52916717
735.000,204.342,435549.4631,296184.6202,18.09039501,50.52917589
736.000,204.3308,435549.7292,296185.5841,18.0903986,50.52918459
737.000,204.3232,435550.0076,296186.5445,18.09040237,50.52919326
738.000,204.3108,435550.3023,296187.5001,18.09040636,50.52920189
739.000,204.32,435550.6112,296188.451,18.09041055,50.52921048
740.000,204.3042,435550.9336,296189.3976,18.09041494,50.52921903
741.000,204.2921,435551.2675,296190.3402,18.09041949,50.52922754
742.000,204.2927,435551.6093,296191.28,18.09042415,50.52923603
743.000,204.2759,435551.9432,296192.2226,18.0904287,50.52924455
744.000,204.266,435552.2727,296193.1667,18.09043318,50.52925308
745.000,204.26,435552.6057,296194.1097,18.09043772,50.52926159
746.000,204.2548,435552.9399,296195.0521,18.09044227,50.52927011
747.000,204.2489,435553.2806,296195.9923,18.09044692,50.5292786
748.000,204.2415,435553.6232,296196.9318,18.09045159,50.52928709
749.000,204.2357,435553.9704,296197.8696,18.09045633,50.52929556
750.000,204.2434,435554.3186,296198.807,18.09046108,50.52930403
751.000,204.2126,435554.6732,296199.742,18.09046592,50.52931248
752.000,204.197,435555.0286,296200.6767,18.09047077,50.52932093
753.000,204.1749,435555.3987,296201.6057,18.09047584,50.52932933
754.000,204.217,435555.7699,296202.5343,18.09048091,50.52933772
755.000,204.18,435556.1523,296203.4583,18.09048615,50.52934607
756.000,204.1734,435556.5356,296204.3819,18.0904914,50.52935442
757.000,204.146,435556.9363,296205.2981,18.0904969,50.52936271
758.000,204.1492,435557.3381,296206.2138,18.09050241,50.52937099
759.000,204.1312,435557.7511,296207.1245,18.09050808,50.52937923
760.000,204.1126,435558.1643,296208.0352,18.09051375,50.52938746
761.000,204.1124,435558.5786,296208.9453,18.09051944,50.5293957
762.000,204.1301,435558.9952,296209.8544,18.09052516,50.52940392
763.000,204.0799,435559.4201,296210.7596,18.090531,50.52941211
764.000,204.0953,435559.8466,296211.6641,18.09053686,50.52942029
765.000,204.0882,435560.2775,296212.5665,18.09054279,50.52942845
766.000,204.0787,435560.708,296213.4691,18.09054871,50.52943662
767.000,204.0643,435561.1374,296214.3722,18.09055461,50.52944479
768.000,204.03,435561.5674,296215.275,18.09056052,50.52945296
769.000,204.04,435561.9986,296216.1773,18.09056645,50.52946112
770.000,204.0141,435562.4288,296217.0801,18.09057236,50.52946929
771.000,204.0242,435562.8575,296217.9835,18.09057826,50.52947746
772.000,204.0003,435563.2847,296218.8876,18.09058413,50.52948564
773.000,204.0041,435563.71,296219.7927,18.09058998,50.52949383
774.000,203.9952,435564.1369,296220.697,18.09059584,50.52950201
775.000,203.9831,435564.5657,296221.6004,18.09060174,50.52951019
776.000,203.9762,435564.9949,296222.5036,18.09060764,50.52951836
777.000,203.9532,435565.4247,296223.4065,18.09061355,50.52952653
778.000,203.9662,435565.854,296224.3097,18.09061945,50.5295347
779.000,203.9469,435566.2828,296225.2131,18.09062534,50.52954287
780.000,203.9371,435566.7087,296226.1178,18.0906312,50.52955105
781.000,203.9375,435567.1327,296227.0235,18.09063702,50.52955925
782.000,203.9241,435567.5574,296227.9288,18.09064286,50.52956744
783.000,203.9004,435567.9826,296228.834,18.0906487,50.52957563
784.000,203.8859,435568.4086,296229.7386,18.09065456,50.52958381
785.000,203.8915,435568.8351,296230.6431,18.09066042,50.52959199
786.000,203.8749,435569.2583,296231.5492,18.09066624,50.52960019
787.000,203.8598,435569.6802,296232.4558,18.09067203,50.52960839
788.000,203.853,435570.1016,296233.3627,18.09067782,50.5296166
789.000,203.84,435570.5228,296234.2696,18.09068361,50.5296248
790.000,203.86,435570.9445,296235.1764,18.0906894,50.529633
791.000,203.8257,435571.3662,296236.0831,18.0906952,50.5296412
792.000,203.8252,435571.7883,296236.9897,18.090701,50.52964941
793.000,203.8066,435572.2104,296237.8963,18.0907068,50.52965761
794.000,203.8046,435572.63,296238.8039,18.09071256,50.52966582
795.000,203.7936,435573.0494,296239.7117,18.09071832,50.52967403
796.000,203.7746,435573.4717,296240.6182,18.09072413,50.52968223
797.000,203.7787,435573.8941,296241.5246,18.09072993,50.52969043
798.000,203.7724,435574.3155,296242.4315,18.09073572,50.52969863
799.000,203.7317,435574.7368,296243.3384,18.09074151,50.52970684
800.000,203.749,435575.1543,296244.2471,18.09074724,50.52971505
801.000,203.7362,435575.5719,296245.1557,18.09075298,50.52972327
802.000,203.7182,435575.9889,296246.0646,18.09075871,50.52973149
803.000,203.71,435576.4062,296246.9734,18.09076444,50.52973972
804.000,203.6949,435576.8257,296247.8811,18.0907702,50.52974793
805.000,203.6959,435577.2444,296248.7893,18.09077595,50.52975614
806.000,203.6913,435577.659,296249.6993,18.09078165,50.52976437
807.000,203.68,435578.0733,296250.6094,18.09078733,50.5297726
808.000,203.6554,435578.4867,296251.52,18.09079301,50.52978084
809.000,203.6779,435578.9002,296252.4305,18.09079869,50.52978908
810.000,203.66,435579.3141,296253.3408,18.09080437,50.52979731
811.000,203.6391,435579.7276,296254.2513,18.09081005,50.52980554
812.000,203.6248,435580.1401,296255.1622,18.09081571,50.52981378
813.000,203.6277,435580.5515,296256.0737,18.09082136,50.52982203
814.000,203.6,435580.961,296256.986,18.09082698,50.52983028
815.000,203.5925,435581.3702,296257.8985,18.0908326,50.52983853
816.000,203.5963,435581.779,296258.8111,18.09083821,50.52984679
817.000,203.5831,435582.187,296259.7241,18.09084381,50.52985504
818.000,203.5854,435582.5941,296260.6375,18.0908494,50.5298633
819.000,203.5667,435583.0005,296261.5512,18.09085497,50.52987157
820.000,203.5482,435583.4062,296262.4651,18.09086054,50.52987983
821.000,203.54,435583.8124,296263.3789,18.09086611,50.5298881
822.000,203.5387,435584.219,296264.2926,18.09087169,50.52989636
823.000,203.5273,435584.6229,296265.2073,18.09087724,50.52990463
824.000,203.5217,435585.0253,296266.1228,18.09088276,50.52991291
825.000,203.5182,435585.43,296267.0373,18.09088831,50.52992118
826.000,203.487,435585.8357,296267.9513,18.09089388,50.52992945
827.000,203.4987,435586.2388,296268.8664,18.09089941,50.52993772
828.000,203.4818,435586.6409,296269.782,18.09090492,50.529946
829.000,203.4874,435587.0427,296270.6977,18.09091043,50.52995428
830.000,203.4523,435587.4444,296271.6135,18.09091594,50.52996256
831.000,203.4549,435587.8456,296272.5295,18.09092145,50.52997085
832.000,203.4353,435588.2466,296273.4456,18.09092695,50.52997913
833.000,203.4306,435588.6465,296274.3621,18.09093243,50.52998742
834.000,203.43,435589.0462,296275.2788,18.09093791,50.52999571
835.000,203.43,435589.4504,296276.1935,18.09094346,50.53000398
836.000,203.416,435589.8549,296277.108,18.09094901,50.53001225
837.000,203.4093,435590.2582,296278.0231,18.09095454,50.53002053
838.000,203.3796,435590.6618,296278.938,18.09096008,50.5300288
839.000,203.3701,435591.0713,296279.8503,18.0909657,50.53003705
840.000,203.3798,435591.4809,296280.7626,18.09097132,50.5300453
841.000,203.3841,435591.8907,296281.6748,18.09097695,50.53005355
842.000,203.349,435592.301,296282.5867,18.09098258,50.5300618
843.000,203.3544,435592.7141,296283.4974,18.09098825,50.53007004
844.000,203.3371,435593.128,296284.4077,18.09099394,50.53007827
845.000,203.349,435593.5451,296285.3166,18.09099967,50.53008649
846.000,203.3314,435593.9629,296286.2251,18.0910054,50.53009471
847.000,203.3135,435594.3823,296287.1329,18.09101117,50.53010292
848.000,203.3159,435594.8026,296288.0403,18.09101694,50.53011113
849.000,203.31,435595.2246,296288.9469,18.09102274,50.53011933
850.000,203.2995,435595.6488,296289.8524,18.09102857,50.53012752
851.000,203.2901,435596.0765,296290.7564,18.09103445,50.5301357
852.000,203.2845,435596.5098,296291.6576,18.09104041,50.53014386
853.000,203.2651,435596.9494,296292.5558,18.09104645,50.53015198
854.000,203.279,435597.3959,296293.4506,18.0910526,50.53016008
855.000,203.256,435597.8481,296294.3424,18.09105883,50.53016815
856.000,203.2743,435598.3114,296295.2286,18.09106521,50.53017617
857.000,203.2652,435598.7816,296296.1112,18.0910717,50.53018417
858.000,203.2571,435599.2657,296296.9861,18.09107838,50.53019209
859.000,203.2519,435599.7559,296297.8577,18.09108514,50.53019998
860.000,203.2331,435600.2669,296298.7172,18.09109221,50.53020777
861.000,203.2633,435600.7841,296299.5731,18.09109936,50.53021552
862.000,203.2324,435601.3291,296300.4114,18.0911069,50.53022313
863.000,203.2273,435601.8784,296301.247,18.09111451,50.5302307
864.000,203.2477,435602.4491,296302.0682,18.09112242,50.53023815
865.000,203.2221,435603.0228,296302.8871,18.09113038,50.53024558
866.000,203.2032,435603.63,296303.6817,18.09113881,50.53025279
867.000,203.223,435604.2434,296304.4713,18.09114733,50.53025996
868.000,203.2151,435604.8886,296305.2353,18.0911563,50.53026691
869.000,203.2242,435605.5428,296305.9914,18.0911654,50.53027378
870.000,203.2116,435606.2215,296306.7258,18.09117485,50.53028046
871.000,203.2138,435606.9169,296307.4438,18.09118454,50.530287
872.000,203.2088,435607.6385,296308.1361,18.0911946,50.5302933
873.000,203.1953,435608.3754,296308.8118,18.09120489,50.53029946
874.000,203.1887,435609.127,296309.4714,18.09121538,50.53030548
875.000,203.19,435609.9034,296310.1009,18.09122623,50.53031122
876.000,203.1967,435610.6941,296310.7131,18.09123728,50.53031682
877.000,203.1851,435611.5146,296311.2841,18.09124876,50.53032204
878.000,203.2147,435612.3442,296311.8424,18.09126037,50.53032716
879.000,203.2083,435613.1997,296312.3599,18.09127235,50.53033191
880.000,203.1929,435614.0593,296312.8708,18.09128439,50.5303366
881.000,203.1855,435614.9474,296313.3305,18.09129685,50.53034083
882.000,203.2011,435615.8403,296313.7799,18.09130937,50.53034497
883.000,203.1769,435616.7578,296314.1777,18.09132225,50.53034865
884.000,203.1771,435617.683,296314.556,18.09133524,50.53035215
885.000,203.1727,435618.6255,296314.8901,18.09134848,50.53035526
886.000,203.1983,435619.5771,296315.1957,18.09136186,50.53035812
887.000,203.1688,435620.5397,296315.4665,18.09137539,50.53036066
888.000,203.1711,435621.5115,296315.7006,18.09138907,50.53036287
889.000,203.1833,435622.4894,296315.9095,18.09140283,50.53036486
890.000,203.1839,435623.4761,296316.0693,18.09141673,50.5303664
891.000,203.1942,435624.4659,296316.2113,18.09143067,50.53036779
892.000,203.1972,435625.462,296316.2976,18.09144471,50.53036868
893.000,203.2096,435626.459,296316.3745,18.09145877,50.53036948
894.000,203.1981,435627.4588,296316.3921,18.09147287,50.53036975
895.000,203.2009,435628.4586,296316.4002,18.09148698,50.53036993
896.000,203.2202,435629.4578,296316.3602,18.09150109,50.53036968
897.000,203.23,435630.4553,296316.2981,18.09151518,50.53036923
898.000,203.206,435631.4492,296316.1878,18.09152922,50.53036835
899.000,203.2285,435632.4393,296316.0504,18.09154322,50.53036722
900.000,203.2354,435633.4249,296315.8814,18.09155715,50.53036581
901.000,203.2385,435634.4037,296315.6784,18.091571,50.53036409
902.000,203.2466,435635.3779,296315.453,18.09158479,50.53036217
903.000,203.2511,435636.3418,296315.1876,18.09159844,50.53035989
904.000,203.2983,435637.3019,296314.9082,18.09161203,50.53035748
905.000,203.2781,435638.2463,296314.5798,18.09162542,50.53035463
906.000,203.2686,435639.1882,296314.244,18.09163877,50.53035172
907.000,203.2534,435640.1127,296313.8629,18.09165188,50.53034839
908.000,203.2655,435641.035,296313.4766,18.09166496,50.53034502
909.000,203.2785,435641.9419,296313.0553,18.09167783,50.53034133
910.000,203.3047,435642.8423,296312.621,18.09169061,50.53033752
911.000,203.3092,435643.7243,296312.1497,18.09170314,50.53033338
912.000,203.31,435644.598,296311.6637,18.09171555,50.5303291
913.000,203.3,435645.4583,296311.1538,18.09172778,50.53032461
914.000,203.3155,435646.3066,296310.6248,18.09173984,50.53031995
915.000,203.3294,435647.1429,296310.0765,18.09175174,50.53031511
916.000,203.34,435647.9651,296309.5078,18.09176344,50.53031008
917.000,203.3273,435648.7787,296308.9263,18.09177502,50.53030494
918.000,203.3647,435649.5757,296308.3226,18.09178637,50.5302996
919.000,203.3629,435650.3663,296307.7103,18.09179764,50.53029418
920.000,203.3586,435651.1362,296307.0723,18.09180861,50.53028852
921.000,203.3675,435651.9018,296306.4289,18.09181953,50.53028282
922.000,203.3811,435652.6483,296305.7636,18.09183018,50.53027692
923.000,203.3787,435653.3927,296305.0959,18.0918408,50.53027099
924.000,203.3914,435654.1155,296304.4048,18.09185112,50.53026486
925.000,203.4062,435654.8352,296303.7106,18.09186139,50.53025869
926.000,203.3817,435655.5328,296302.9942,18.09187136,50.53025233
927.000,203.3993,435656.2274,296302.2748,18.09188129,50.53024593
928.000,203.4123,435656.9105,296301.5445,18.09189105,50.53023944
929.000,203.4261,435657.5893,296300.8102,18.09190076,50.53023291
930.000,203.4147,435658.2577,296300.0664,18.09191032,50.53022629
931.000,203.4267,435658.9229,296299.3198,18.09191983,50.53021965
932.000,203.4476,435659.5828,296298.5684,18.09192928,50.53021296
933.000,203.4561,435660.2359,296297.8112,18.09193862,50.53020622
934.000,203.466,435660.8804,296297.0466,18.09194785,50.53019942
935.000,203.4667,435661.516,296296.2747,18.09195695,50.53019254
936.000,203.4652,435662.1431,296295.4957,18.09196594,50.53018561
937.000,203.4822,435662.7725,296294.7187,18.09197495,50.53017869
938.000,203.4644,435663.4037,296293.943,18.09198399,50.53017178
939.000,203.5142,435664.0312,296293.1644,18.09199298,50.53016484
940.000,203.5068,435664.6567,296292.3842,18.09200194,50.53015789
941.000,203.52,435665.2804,296291.6026,18.09201088,50.53015093
942.000,203.5164,435665.9035,296290.8204,18.09201981,50.53014397
943.000,203.54,435666.5239,296290.0361,18.0920287,50.53013698
944.000,203.534,435667.1435,296289.2512,18.09203758,50.53012999
945.000,203.5671,435667.7582,296288.4625,18.09204639,50.53012296
946.000,203.5668,435668.372,296287.673,18.09205519,50.53011593
947.000,203.5742,435668.986,296286.8836,18.09206399,50.53010889
948.000,203.5891,435669.5999,296286.0943,18.09207279,50.53010186
949.000,203.597,435670.2164,296285.3069,18.09208162,50.53009485
950.000,203.5919,435670.8329,296284.5196,18.09209046,50.53008783
951.000,203.5984,435671.4466,296283.7301,18.09209926,50.5300808
952.000,203.6128,435672.0602,296282.9404,18.09210805,50.53007376
953.000,203.6056,435672.6708,296282.1485,18.0921168,50.53006671
954.000,203.6236,435673.2817,296281.3568,18.09212556,50.53005965
955.000,203.6509,435673.8937,296280.5659,18.09213433,50.53005261
956.000,203.6559,435674.5046,296279.7742,18.09214309,50.53004555
957.000,203.6624,435675.1112,296278.9792,18.09215179,50.53003847
958.000,203.6692,435675.7195,296278.1855,18.09216051,50.5300314
959.000,203.6778,435676.3327,296277.3956,18.0921693,50.53002436
960.000,203.6958,435676.9435,296276.6038,18.09217806,50.53001731
961.000,203.6838,435677.5491,296275.808,18.09218674,50.53001021
962.000,203.7037,435678.1519,296275.0102,18.09219538,50.5300031
963.000,203.7107,435678.7501,296274.2088,18.09220396,50.52999596
964.000,203.6994,435679.3487,296273.4078,18.09221255,50.52998882
965.000,203.7026,435679.948,296272.6073,18.09222114,50.52998169
966.000,203.7262,435680.5465,296271.8061,18.09222973,50.52997455
967.000,203.7324,435681.1441,296271.0043,18.0922383,50.5299674
968.000,203.7488,435681.7393,296270.2008,18.09224684,50.52996024
969.000,203.7534,435682.3326,296269.3958,18.09225535,50.52995306
970.000,203.779,435682.9286,296268.5928,18.0922639,50.52994591
971.000,203.7717,435683.5264,296267.7912,18.09227247,50.52993876
972.000,203.7657,435684.122,296266.9879,18.09228102,50.5299316
973.000,203.77,435684.7163,296266.1836,18.09228954,50.52992443
974.000,203.7814,435685.3085,296265.3779,18.09229804,50.52991725
975.000,203.7943,435685.8998,296264.5714,18.09230652,50.52991006
976.000,203.7858,435686.4927,296263.7661,18.09231503,50.52990288
977.000,203.8248,435687.0862,296262.9613,18.09232354,50.52989571
978.000,203.7966,435687.6781,296262.1553,18.09233203,50.52988852
979.000,203.8338,435688.2696,296261.349,18.09234052,50.52988134
980.000,203.83,435688.8653,296260.5458,18.09234906,50.52987418
981.000,203.8411,435689.4618,296259.7432,18.09235762,50.52986702
982.000,203.8536,435690.0551,296258.9382,18.09236613,50.52985985
983.000,203.8576,435690.6479,296258.1328,18.09237463,50.52985267
984.000,203.8797,435691.24,296257.3269,18.09238313,50.52984549
985.000,203.8649,435691.832,296256.521,18.09239162,50.5298383
986.000,203.8813,435692.4266,296255.717,18.09240015,50.52983114
987.000,203.8891,435693.0212,296254.913,18.09240868,50.52982397
988.000,203.8955,435693.6154,296254.1086,18.0924172,50.5298168
989.000,203.919,435694.2095,296253.3043,18.09242573,50.52980963
990.000,203.9268,435694.8032,296252.4996,18.09243424,50.52980246
991.000,203.9288,435695.3966,296251.6947,18.09244276,50.52979528
992.000,203.94,435695.9888,296250.8889,18.09245125,50.5297881
993.000,203.96,435696.5812,296250.0833,18.09245975,50.52978092
994.000,203.951,435697.1749,296249.2785,18.09246827,50.52977375
995.000,203.9737,435697.7685,296248.4738,18.09247678,50.52976657
996.000,203.981,435698.3622,296247.6691,18.0924853,50.5297594
997.000,203.971,435698.9551,296246.8638,18.09249381,50.52975222
998.000,204.002,435699.5462,296246.0572,18.09250229,50.52974503
999.000,203.9996,435700.1393,296245.2521,18.0925108,50.52973785
1000.000,204.0103,435700.7363,296244.4499,18.09251936,50.5297307
1001.000,204.0276,435701.331,296243.6459,18.09252789,50.52972354
1002.000,204.02,435701.9217,296242.8391,18.09253636,50.52971635
1003.000,204.0397,435702.5133,296242.0328,18.09254485,50.52970916
1004.000,204.0427,435703.1057,296241.2272,18.09255335,50.52970198
1005.000,204.04,435703.7004,296240.4232,18.09256188,50.52969481
1006.000,204.0588,435704.2973,296239.6209,18.09257044,50.52968766
1007.000,204.0806,435704.8946,296238.8189,18.09257901,50.52968051
1008.000,204.0711,435705.4922,296238.0171,18.09258758,50.52967337
1009.000,204.08,435706.086,296237.2125,18.0925961,50.52966619
1010.000,204.1059,435706.6772,296236.4059,18.09260458,50.529659
1011.000,204.1028,435707.2709,296235.6013,18.0926131,50.52965183
1012.000,204.1274,435707.8661,296234.7977,18.09262164,50.52964467
1013.000,204.1277,435708.4665,296233.998,18.09263025,50.52963754
1014.000,204.15,435709.0693,296233.2001,18.09263889,50.52963043
1015.000,204.145,435709.6728,296232.4028,18.09264754,50.52962333
1016.000,204.1571,435710.2766,296231.6056,18.0926562,50.52961622
1017.000,204.1601,435710.883,296230.8105,18.0926649,50.52960914
1018.000,204.1948,435711.49,296230.0158,18.0926736,50.52960206
1019.000,204.1865,435712.1023,296229.2252,18.09268238,50.52959501
1020.000,204.2067,435712.7156,296228.4353,18.09269117,50.52958797
1021.000,204.1969,435713.338,296227.6526,18.09270008,50.529581
1022.000,204.2309,435713.9615,296226.8708,18.09270902,50.52957404
1023.000,204.2495,435714.5939,296226.0962,18.09271808,50.52956714
1024.000,204.2423,435715.2269,296225.322,18.09272714,50.52956025
1025.000,204.2522,435715.8671,296224.5538,18.09273631,50.52955341
1026.000,204.2624,435716.5078,296223.786,18.09274548,50.52954657
1027.000,204.2699,435717.1639,296223.0313,18.09275487,50.52953986
1028.000,204.28,435717.8205,296222.2771,18.09276427,50.52953314
1029.000,204.2929,435718.4843,296221.5292,18.09277376,50.52952649
1030.000,204.3109,435719.1495,296220.7825,18.09278328,50.52951985
1031.000,204.3151,435719.8268,296220.0468,18.09279296,50.5295133
1032.000,204.3372,435720.5053,296219.3122,18.09280266,50.52950677
1033.000,204.3228,435721.1907,296218.5841,18.09281246,50.5295003
1034.000,204.3442,435721.8802,296217.8599,18.09282232,50.52949386
1035.000,204.35,435722.5876,296217.153,18.09283242,50.52948758
1036.000,204.3549,435723.2988,296216.4501,18.09284258,50.52948133
1037.000,204.3656,435724.0237,296215.7614,18.09285293,50.52947522
1038.000,204.3721,435724.7529,296215.0771,18.09286333,50.52946914
1039.000,204.3922,435725.4945,296214.4063,18.09287392,50.52946319
1040.000,204.4,435726.2411,296213.741,18.09288457,50.52945729
1041.000,204.4056,435727.0003,296213.0902,18.09289539,50.52945152
1042.000,204.3987,435727.7655,296212.4465,18.0929063,50.52944581
1043.000,204.4153,435728.544,296211.819,18.09291739,50.52944025
1044.000,204.4165,435729.3295,296211.2003,18.09292859,50.52943478
1045.000,204.4547,435730.1297,296210.6006,18.09293998,50.52942947
1046.000,204.4624,435730.9351,296210.0079,18.09295145,50.52942423
1047.000,204.446,435731.7504,296209.4289,18.09296305,50.52941911
1048.000,204.4695,435732.5716,296208.8585,18.09297474,50.52941407
1049.000,204.4566,435733.403,296208.3028,18.09298657,50.52940916
1050.000,204.4676,435734.2438,296207.7619,18.09299853,50.52940439
1051.000,204.4711,435735.0999,296207.245,18.0930107,50.52939983
1052.000,204.48,435735.9635,296206.7413,18.09302297,50.5293954
1053.000,204.5031,435736.8385,296206.257,18.0930354,50.52939114
1054.000,204.4907,435737.7202,296205.7857,18.09304792,50.52938699
1055.000,204.4906,435738.6119,296205.3329,18.09306059,50.52938302
1056.000,204.4924,435739.5125,296204.8991,18.09307337,50.52937922
1057.000,204.5044,435740.4255,296204.4911,18.09308632,50.52937565
1058.000,204.5065,435741.3451,296204.0986,18.09309937,50.52937222
1059.000,204.5262,435742.2736,296203.7274,18.09311253,50.52936898
1060.000,204.51,435743.2087,296203.3736,18.09312579,50.5293659
1061.000,204.5482,435744.1528,296203.0441,18.09313917,50.52936304
1062.000,204.527,435745.1038,296202.736,18.09315264,50.52936037
1063.000,204.5447,435746.0642,296202.4575,18.09316624,50.52935798
1064.000,204.5319,435747.0294,296202.1968,18.09317991,50.52935574
1065.000,204.5232,435748.0016,296201.9626,18.09319367,50.52935374
1066.000,204.5324,435748.9779,296201.7475,18.09320748,50.52935191
1067.000,204.5401,435749.9604,296201.5611,18.09322138,50.52935034
1068.000,204.5382,435750.9463,296201.3964,18.09323532,50.52934897
1069.000,204.5328,435751.9378,296201.2663,18.09324933,50.52934791
1070.000,204.5473,435752.9313,296201.1547,18.09326337,50.52934701
1071.000,204.5463,435753.928,296201.0739,18.09327745,50.52934639
1072.000,204.5605,435754.9257,296201.0105,18.09329154,50.52934593
1073.000,204.54,435755.9252,296200.9788,18.09330565,50.52934576
1074.000,204.5526,435756.9248,296200.9649,18.09331976,50.52934574
1075.000,204.5596,435757.9246,296200.9859,18.09333386,50.52934604
1076.000,204.5405,435758.9236,296201.0239,18.09334796,50.52934649
1077.000,204.5632,435759.9208,296201.0986,18.09336201,50.52934727
1078.000,204.5737,435760.9164,296201.1886,18.09337605,50.52934819
1079.000,204.5477,435761.9085,296201.3143,18.09339003,50.52934943
1080.000,204.5262,435762.8984,296201.4541,18.09340397,50.5293508
1081.000,204.5026,435763.8827,296201.6305,18.09341783,50.52935249
1082.000,204.5882,435764.8636,296201.8233,18.09343164,50.52935434
1083.000,204.5626,435765.8342,296202.0638,18.09344529,50.52935661
1084.000,204.5441,435766.8011,296202.3176,18.09345889,50.529359
1085.000,204.525,435767.7562,296202.6142,18.09347232,50.52936177
1086.000,204.5567,435768.7073,296202.9219,18.09348569,50.52936464
1087.000,204.5692,435769.6428,296203.2753,18.09349883,50.52936792
1088.000,204.568,435770.5743,296203.6384,18.09351191,50.52937129
1089.000,204.5446,435771.4867,296204.0477,18.09352472,50.52937507
1090.000,204.5308,435772.3948,296204.4657,18.09353746,50.52937893
1091.000,204.5673,435773.2786,296204.9335,18.09354985,50.52938324
1092.000,204.5575,435774.1593,296205.407,18.0935622,50.52938759
1093.000,204.5334,435775.0161,296205.9226,18.0935742,50.52939232
1094.000,204.5302,435775.87,296206.4427,18.09358616,50.5293971
1095.000,204.5477,435776.6958,296207.0067,18.09359771,50.52940226
1096.000,204.5694,435777.5195,296207.5735,18.09360924,50.52940745
1097.000,204.5415,435778.3137,296208.1813,18.09362034,50.529413
1098.000,204.5425,435779.1066,296208.7906,18.09363143,50.52941857
1099.000,204.5369,435779.8676,296209.4393,18.09364205,50.52942449
1100.000,204.5238,435780.628,296210.0887,18.09365267,50.52943041
1101.000,204.5392,435781.3582,296210.7719,18.09366286,50.52943664
1102.000,204.5413,435782.0884,296211.4551,18.09367305,50.52944286
1103.000,204.5227,435782.7846,296212.173,18.09368275,50.5294494
1104.000,204.5272,435783.4807,296212.8909,18.09369245,50.52945593
1105.000,204.5413,435784.1397,296213.6431,18.09370161,50.52946277
1106.000,204.5345,435784.798,296214.3958,18.09371077,50.52946961
1107.000,204.5133,435785.4188,296215.1797,18.0937194,50.52947673
1108.000,204.5339,435786.0381,296215.9649,18.093728,50.52948386
1109.000,204.53,435786.6266,296216.7733,18.09373617,50.5294912
1110.000,204.5187,435787.213,296217.5833,18.0937443,50.52949855
1111.000,204.5486,435787.7656,296218.4167,18.09375196,50.52950611
1112.000,204.5321,435788.3156,296219.2519,18.09375958,50.52951368
1113.000,204.5423,435788.8518,296220.0959,18.093767,50.52952133
1114.000,204.53,435789.3868,296220.9408,18.0937744,50.52952899
1115.000,204.5266,435789.9109,296221.7924,18.09378165,50.52953671
1116.000,204.5331,435790.4342,296222.6446,18.09378889,50.52954443
1117.000,204.54,435790.9328,296223.5114,18.09379577,50.52955228
1118.000,204.5099,435791.4294,296224.3794,18.09380263,50.52956014
1119.000,204.5068,435791.9142,296225.254,18.09380932,50.52956806
1120.000,204.5269,435792.3981,296226.1291,18.093816,50.52957599
1121.000,204.4924,435792.8687,296227.0115,18.09382249,50.52958398
1122.000,204.4831,435793.3382,296227.8944,18.09382896,50.52959197
1123.000,204.5,435793.7923,296228.7853,18.09383522,50.52960003
1124.000,204.4969,435794.2453,296229.6768,18.09384146,50.5296081
1125.000,204.5007,435794.6946,296230.5702,18.09384764,50.52961619
1126.000,204.4877,435795.1437,296231.4637,18.09385383,50.52962427
1127.000,204.5,435795.5861,296232.3605,18.09385992,50.52963239
1128.000,204.4915,435796.0283,296233.2574,18.093866,50.5296405
1129.000,204.5056,435796.4594,296234.1597,18.09387193,50.52964867
1130.000,204.4905,435796.8901,296235.0622,18.09387785,50.52965683
1131.000,204.4787,435797.3173,296235.9664,18.09388372,50.52966501
1132.000,204.4748,435797.7443,296236.8706,18.09388959,50.52967319
1133.000,204.4905,435798.1657,296237.7775,18.09389538,50.5296814
1134.000,204.4855,435798.5872,296238.6843,18.09390118,50.5296896
1135.000,204.4744,435799.013,296239.5892,18.09390703,50.52969778
1136.000,204.4737,435799.4385,296240.4941,18.09391288,50.52970597
1137.000,204.4742,435799.8601,296241.4009,18.09391867,50.52971417
1138.000,204.4681,435800.2815,296242.3078,18.09392446,50.52972238
1139.000,204.4702,435800.7005,296243.2158,18.09393022,50.52973059
1140.000,204.4734,435801.1204,296244.1233,18.09393599,50.5297388
1141.000,204.4733,435801.5467,296245.0279,18.09394185,50.52974698
1142.000,204.4534,435801.9751,296245.9314,18.09394774,50.52975516
1143.000,204.4709,435802.4142,296246.8299,18.09395378,50.52976329
1144.000,204.46,435802.8577,296247.7261,18.09395988,50.5297714
1145.000,204.4775,435803.3179,296248.6139,18.09396622,50.52977943
1146.000,204.4848,435803.7821,296249.4996,18.09397262,50.52978745
1147.000,204.4679,435804.2578,296250.3793,18.09397918,50.52979542
1148.000,204.4445,435804.7446,296251.2526,18.0939859,50.52980332
1149.000,204.4672,435805.2544,296252.1129,18.09399295,50.52981112
1150.000,204.4524,435805.7783,296252.9644,18.09400019,50.52981883
1151.000,204.4488,435806.3243,296253.8021,18.09400775,50.52982643
1152.000,204.4664,435806.8874,296254.6283,18.09401556,50.52983392
1153.000,204.4343,435807.4691,296255.4417,18.09402363,50.5298413
1154.000,204.4472,435808.0723,296256.2389,18.094032,50.52984854
1155.000,204.4398,435808.6918,296257.0239,18.09404061,50.52985567
1156.000,204.4287,435809.3398,296257.7851,18.09404962,50.52986259
1157.000,204.4231,435810.0027,296258.5338,18.09405885,50.52986939
1158.000,204.4272,435810.7054,296259.2446,18.09406864,50.52987586
1159.000,204.4227,435811.4206,296259.9435,18.09407861,50.52988223
1160.000,204.4165,435812.1746,296260.6001,18.09408914,50.52988822
1161.000,204.446,435812.9342,296261.2504,18.09409975,50.52989415
1162.000,204.4386,435813.7356,296261.8485,18.09411095,50.52989962
1163.000,204.4173,435814.5439,296262.4365,18.09412226,50.529905
1164.000,204.4465,435815.3921,296262.9663,18.09413414,50.52990986
1165.000,204.4596,435816.2516,296263.4761,18.09414618,50.52991454
1166.000,204.4351,435817.14,296263.9352,18.09415863,50.52991876
1167.000,204.4453,435818.0421,296264.365,18.09417129,50.52992273
1168.000,204.4571,435818.9624,296264.7564,18.09418421,50.52992635
1169.000,204.4634,435819.9,296265.1017,18.09419738,50.52992956
1170.000,204.4559,435820.8499,296265.4141,18.09421073,50.52993247
1171.000,204.4628,435821.8172,296265.6648,18.09422434,50.52993483
1172.000,204.5002,435822.7906,296265.8939,18.09423804,50.529937
1173.000,204.4711,435823.7778,296266.052,18.09425194,50.52993853
1174.000,204.5118,435824.767,296266.1967,18.09426587,50.52993994
1175.000,204.5132,435825.7646,296266.2656,18.09427994,50.52994067
1176.000,204.5131,435826.7625,296266.3061,18.09429401,50.52994114
1177.000,204.5028,435827.7612,296266.2542,18.09430812,50.52994079
1178.000,204.5517,435828.7598,296266.2023,18.09432222,50.52994043
1179.000,204.5524,435829.7585,296266.1504,18.09433632,50.52994007
1180.000,204.5232,435830.7499,296266.0329,18.09435033,50.52993912
1181.000,204.5306,435831.7362,296265.8679,18.09436428,50.52993775
1182.000,204.57,435832.7115,296265.6491,18.09437808,50.52993589
1183.000,204.5584,435833.6829,296265.4116,18.09439183,50.52993386
1184.000,204.6011,435834.6387,296265.1184,18.09440536,50.52993133
1185.000,204.6031,435835.592,296264.8165,18.09441887,50.52992871
1186.000,204.602,435836.5282,296264.4652,18.09443214,50.52992566
1187.000,204.6233,435837.4619,296264.1074,18.09444538,50.52992254
1188.000,204.6274,435838.3847,296263.7221,18.09445847,50.52991918
1189.000,204.6598,435839.3002,296263.3205,18.09447146,50.52991567
1190.000,204.64,435840.2003,296262.885,18.09448423,50.52991185
1191.000,204.6968,435841.0975,296262.4433,18.09449697,50.52990797
1192.000,204.6734,435841.9908,296261.9939,18.09450965,50.52990403
1193.000,204.6871,435842.8761,296261.5291,18.09452223,50.52989994
1194.000,204.7018,435843.7546,296261.0514,18.0945347,50.52989574
1195.000,204.6882,435844.6278,296260.5641,18.09454711,50.52989146
1196.000,204.6882,435845.4982,296260.0717,18.09455948,50.52988712
1197.000,204.7122,435846.3624,296259.5686,18.09457176,50.52988269
1198.000,204.7511,435847.2243,296259.0616,18.09458401,50.52987823
1199.000,204.7638,435848.0806,296258.5451,18.09459618,50.52987368
1200.000,204.7604,435848.9356,296258.0265,18.09460834,50.5298691
1201.000,204.7812,435849.7856,296257.4997,18.09462042,50.52986446
1202.000,204.7552,435850.6351,296256.9721,18.0946325,50.52985981
1203.000,204.7855,435851.48,296256.4372,18.09464452,50.52985509
1204.000,204.7898,435852.3246,296255.9019,18.09465653,50.52985037
1205.000,204.8303,435853.1667,296255.3624,18.0946685,50.52984561
1206.000,204.8158,435854.0085,296254.8227,18.09468048,50.52984084
1207.000,204.83,435854.849,296254.2809,18.09469243,50.52983606
1208.000,204.8499,435855.6891,296253.7384,18.09470438,50.52983127
1209.000,204.8451,435856.5267,296253.1921,18.09471629,50.52982645
1210.000,204.8577,435857.3637,296252.645,18.0947282,50.52982162
1211.000,204.8529,435858.1984,296252.0943,18.09474007,50.52981676
1212.000,204.863,435859.0326,296251.5428,18.09475194,50.52981189
1213.000,204.8604,435859.865,296250.9887,18.09476378,50.529807
1214.000,204.8822,435860.6972,296250.4341,18.09477562,50.5298021
1215.000,204.91,435861.5287,296249.8786,18.09478745,50.5297972
1216.000,204.904,435862.3594,296249.322,18.09479927,50.52979228
1217.000,204.9043,435863.1888,296248.7633,18.09481107,50.52978735
1218.000,204.9136,435864.0186,296248.2052,18.09482287,50.52978242
1219.000,204.9374,435864.849,296247.6481,18.09483469,50.5297775
1220.000,204.9279,435865.6784,296247.0893,18.09484649,50.52977256
1221.000,204.9203,435866.5063,296246.5286,18.09485827,50.52976761
1222.000,204.9507,435867.3334,296245.9665,18.09487003,50.52976265
1223.000,204.9427,435868.1594,296245.4028,18.09488179,50.52975767
1224.000,204.95,435868.9844,296244.8377,18.09489353,50.52975267
1225.000,204.9796,435869.8084,296244.271,18.09490525,50.52974767
1226.000,204.99,435870.6331,296243.7054,18.09491699,50.52974267
1227.000,204.97,435871.4584,296243.1407,18.09492873,50.52973768
1228.000,204.9673,435872.2822,296242.5739,18.09494045,50.52973267
1229.000,205.0036,435873.1049,296242.0055,18.09495216,50.52972765
1230.000,204.98,435873.9302,296241.4407,18.0949639,50.52972266
1231.000,205.009,435874.7569,296240.8782,18.09497567,50.52971769
1232.000,205.01,435875.5825,296240.3138,18.09498741,50.52971271
1233.000,205.0043,435876.4074,296239.7485,18.09499915,50.52970771
1234.000,205.0109,435877.2322,296239.1831,18.09501089,50.52970272
1235.000,205.0088,435878.057,296238.6177,18.09502263,50.52969772
1236.000,205.029,435878.8847,296238.0566,18.0950344,50.52969276
1237.000,205.0379,435879.7137,296237.4973,18.0950462,50.52968782
1238.000,205.04,435880.5394,296236.9332,18.09505795,50.52968284
1239.000,205.0336,435881.3639,296236.3674,18.09506968,50.52967784
1240.000,205.0489,435882.1895,296235.8031,18.09508143,50.52967286
1241.000,205.0504,435883.0154,296235.2392,18.09509318,50.52966788
1242.000,205.0814,435883.8434,296234.6785,18.09510496,50.52966292
1243.000,205.0616,435884.672,296234.1187,18.09511675,50.52965798
1244.000,205.0692,435885.4977,296233.5547,18.0951285,50.529653
1245.000,205.0616,435886.3229,296232.9898,18.09514024,50.52964801
1246.000,205.0727,435887.1471,296232.4235,18.09515197,50.529643
1247.000,205.077,435887.9711,296231.8569,18.09516369,50.529638
1248.000,205.0932,435888.7937,296231.2883,18.0951754,50.52963297
1249.000,205.1,435889.6162,296230.7195,18.0951871,50.52962795
1250.000,205.1027,435890.442,296230.1555,18.09519885,50.52962296
1251.000,205.0753,435891.268,296229.5919,18.09521061,50.52961798
1252.000,205.0941,435892.0937,296229.0278,18.09522235,50.529613
1253.000,205.1007,435892.9194,296228.4637,18.0952341,50.52960802
1254.000,205.1086,435893.7417,296227.8946,18.0952458,50.52960299
1255.000,205.1112,435894.5641,296227.3256,18.09525751,50.52959796
1256.000,205.112,435895.3889,296226.7603,18.09526924,50.52959297
1257.000,205.1364,435896.2136,296226.1947,18.09528098,50.52958797
1258.000,205.1189,435897.0361,296225.6259,18.09529268,50.52958294
1259.000,205.1306,435897.8586,296225.0572,18.09530439,50.52957792
1260.000,205.1282,435898.6819,296224.4896,18.0953161,50.5295729
1261.000,205.14,435899.5051,296223.9218,18.09532782,50.52956789
1262.000,205.1419,435900.3271,296223.3523,18.09533952,50.52956285
1263.000,205.1327,435901.1491,296222.7829,18.09535121,50.52955782
1264.000,205.1521,435901.9717,296222.2142,18.09536292,50.5295528
1265.000,205.1514,435902.794,296221.6452,18.09537462,50.52954777
1266.000,205.16,435903.6157,296221.0753,18.09538631,50.52954273
1267.000,205.1645,435904.4375,296220.5055,18.09539801,50.5295377
1268.000,205.1664,435905.2597,296219.9363,18.09540971,50.52953267
1269.000,205.188,435906.0818,296219.3669,18.09542141,50.52952764
1270.000,205.1791,435906.9037,296218.7973,18.0954331,50.5295226
1271.000,205.1803,435907.7259,296218.2281,18.09544481,50.52951757
1272.000,205.1658,435908.5488,296217.6599,18.09545652,50.52951255
1273.000,205.1848,435909.3723,296217.0926,18.09546823,50.52950754
1274.000,205.1788,435910.1968,296216.5267,18.09547997,50.52950254
1275.000,205.1968,435911.021,296215.9604,18.09549169,50.52949754
1276.000,205.2139,435911.8448,296215.3936,18.09550342,50.52949253
1277.000,205.2254,435912.6685,296214.8265,18.09551514,50.52948752
1278.000,205.2098,435913.4919,296214.2591,18.09552685,50.52948251
1279.000,205.2148,435914.3151,296213.6914,18.09553857,50.52947749
1280.000,205.22,435915.1382,296213.1234,18.09555028,50.52947247
1281.000,205.2039,435915.9627,296212.5575,18.09556201,50.52946747
1282.000,205.2187,435916.7885,296211.9936,18.09557376,50.52946249
1283.000,205.24,435917.6136,296211.4286,18.0955855,50.5294575
1284.000,205.2355,435918.4381,296210.8628,18.09559724,50.5294525
1285.000,205.2331,435919.2636,296210.2984,18.09560898,50.52944751
1286.000,205.2322,435920.0899,296209.7351,18.09562074,50.52944254
1287.000,205.2386,435920.9134,296209.1679,18.09563246,50.52943752
1288.000,205.2209,435921.7354,296208.5983,18.09564416,50.52943249
1289.000,205.2507,435922.557,296208.0282,18.09565585,50.52942745
1290.000,205.2423,435923.3783,296207.4578,18.09566754,50.52942241
1291.000,205.2561,435924.1985,296206.8857,18.09567921,50.52941736
1292.000,205.2671,435925.0182,296206.3129,18.09569087,50.52941229
1293.000,205.2681,435925.8429,296205.7473,18.09570261,50.5294073
1294.000,205.2623,435926.6691,296205.1839,18.09571436,50.52940232
1295.000,205.2682,435927.494,296204.6186,18.0957261,50.52939733
1296.000,205.2678,435928.3185,296204.0529,18.09573783,50.52939233
1297.000,205.2725,435929.1435,296203.4878,18.09574957,50.52938734
1298.000,205.2743,435929.9686,296202.9228,18.09576131,50.52938234
1299.000,205.287,435930.7939,296202.358,18.09577306,50.52937735
1300.000,205.2895,435931.6191,296201.7932,18.0957848,50.52937236
1301.000,205.3123,435932.4462,296201.2311,18.09579657,50.5293674
1302.000,205.3094,435933.2734,296200.6692,18.09580834,50.52936244
1303.000,205.301,435934.1012,296200.1082,18.09582011,50.52935748
1304.000,205.3072,435934.9291,296199.5473,18.09583189,50.52935253
1305.000,205.3004,435935.7589,296198.9892,18.0958437,50.5293476
1306.000,205.3169,435936.5887,296198.4312,18.0958555,50.52934267
1307.000,205.3226,435937.4185,296197.8732,18.09586731,50.52933774
1308.000,205.3175,435938.2484,296197.3153,18.09587912,50.52933281
1309.000,205.3231,435939.0793,296196.7588,18.09589094,50.5293279
1310.000,205.3074,435939.9102,296196.2024,18.09590276,50.52932298
1311.000,205.3461,435940.7417,296195.6468,18.09591459,50.52931808
1312.000,205.3445,435941.5732,296195.0914,18.09592642,50.52931317
1313.000,205.3304,435942.4055,296194.537,18.09593826,50.52930828
1314.000,205.3345,435943.2377,296193.9825,18.0959501,50.52930338
1315.000,205.3534,435944.0699,296193.4281,18.09596193,50.52929849
1316.000,205.3437,435944.9019,296192.8734,18.09597377,50.52929359
1317.000,205.36,435945.7333,296192.3176,18.0959856,50.52928868
1318.000,205.3583,435946.5647,296191.7619,18.09599743,50.52928377
1319.000,205.3683,435947.3961,296191.2063,18.09600925,50.52927887
1319.627,205.3583,435947.9177,296190.8577,18.09601667,50.52927579